2026-09-21 14:34:28,366 - Starting background VLM surveillance pipeline...
2026-09-21 14:34:34,952 - [ALARM DEBUG] PERSON: 2, NORMAL VEHICLE: 0, UNKNOWN VEHICLE: 0
2026-09-21 14:34:34,952 - [ALARM DEBUG] Final alarm state: ON
2026-09-21 14:34:34,952 - [ALARM DEBUG] Calling ESP32 alarm_on()
2026-09-21 14:34:34,952 - [ALARM] PERSON detected -> BUZZER ON
2026-09-21 14:35:11,710 - [ALARM DEBUG] Final alarm state: OFF
2026-09-21 14:35:11,712 - [ALARM DEBUG] Calling ESP32 alarm_off()
2026-09-21 14:35:11,712 - [ALARM] No active alert -> BUZZER OFF
2026-09-21 14:35:22,605 - [ALARM DEBUG] PERSON: 1, NORMAL VEHICLE: 0, UNKNOWN VEHICLE: 0
2026-09-21 14:35:22,608 - [ALARM DEBUG] Final alarm state: ON
2026-09-21 14:35:22,608 - [ALARM DEBUG] Calling ESP32 alarm_on()
2026-09-21 14:35:22,611 - [ALARM] PERSON detected -> BUZZER ON
2026-09-21 14:35:23,532 - [ALARM DEBUG] Final alarm state: OFF
2026-09-21 14:35:23,539 - [ALARM DEBUG] Calling ESP32 alarm_off()
2026-09-21 14:35:23,539 - [ALARM] No active alert -> BUZZER OFF
2026-09-21 14:35:26,564 - [ALARM DEBUG] PERSON: 1, NORMAL VEHICLE: 0, UNKNOWN VEHICLE: 0
2026-09-21 14:35:26,567 - [ALARM DEBUG] Final alarm state: ON
2026-09-21 14:35:26,568 - [ALARM DEBUG] Calling ESP32 alarm_on()
2026-09-21 14:35:26,570 - [ALARM] PERSON detected -> BUZZER ON
2026-09-21 14:35:27,461 - [ALARM DEBUG] Final alarm state: OFF
2026-09-21 14:35:27,463 - [ALARM DEBUG] Calling ESP32 alarm_off()
2026-09-21 14:35:27,463 - [ALARM] No active alert -> BUZZER OFF
2026-09-21 14:35:36,835 - [ALARM DEBUG] PERSON: 1, NORMAL VEHICLE: 0, UNKNOWN VEHICLE: 0
2026-09-21 14:35:36,836 - [ALARM DEBUG] Final alarm state: ON
2026-09-21 14:35:36,836 - [ALARM DEBUG] Calling ESP32 alarm_on()
2026-09-21 14:35:36,837 - [ALARM] PERSON detected -> BUZZER ON
2026-09-21 14:35:40,846 - [ALARM DEBUG] Final alarm state: OFF
2026-09-21 14:35:40,847 - [ALARM DEBUG] Calling ESP32 alarm_off()
2026-09-21 14:35:40,847 - [ALARM] No active alert -> BUZZER OFF
2026-09-21 14:36:36,311 - [ALARM DEBUG] PERSON: 1, NORMAL VEHICLE: 0, UNKNOWN VEHICLE: 0
2026-09-21 14:36:36,312 - [ALARM DEBUG] Final alarm state: ON
2026-09-21 14:36:36,312 - [ALARM DEBUG] Calling ESP32 alarm_on()
2026-09-21 14:36:36,313 - [ALARM] PERSON detected -> BUZZER ON
2026-09-21 14:39:36,363 - [ALARM DEBUG] Final alarm state: OFF
2026-09-21 14:39:36,366 - [ALARM DEBUG] Calling ESP32 alarm_off()
2026-09-21 14:39:36,368 - [ALARM] No active alert -> BUZZER OFF
2026-09-21 14:39:39,515 - [ALARM DEBUG] PERSON: 0, NORMAL VEHICLE: 0, UNKNOWN VEHICLE: 1
2026-09-21 14:39:39,516 - [ALARM DEBUG] Final alarm state: ON
2026-09-21 14:39:39,516 - [ALARM DEBUG] Calling ESP32 alarm_on()
2026-09-21 14:39:39,516 - [ALARM] UNKNOWN VEHICLE -> BUZZER ON
2026-09-21 14:40:00,863 - [ALARM DEBUG] Final alarm state: OFF
2026-09-21 14:40:00,868 - [ALARM DEBUG] Calling ESP32 alarm_off()
2026-09-21 14:40:00,875 - [ALARM] No active alert -> BUZZER OFF
2026-09-21 14:40:01,865 - [ALARM DEBUG] PERSON: 0, NORMAL VEHICLE: 1, UNKNOWN VEHICLE: 0
2026-09-21 14:40:01,867 - [ALARM DEBUG] Final alarm state: ON
2026-09-21 14:40:01,869 - [ALARM DEBUG] Calling ESP32 alarm_on()
2026-09-21 14:40:01,871 - [ALARM] NORMAL VEHICLE -> BUZZER ON
2026-09-21 14:40:24,330 - [ALARM DEBUG] Final alarm state: OFF
2026-09-21 14:40:24,393 - [ALARM DEBUG] Calling ESP32 alarm_off()
2026-09-21 14:40:24,404 - [ALARM] No active alert -> BUZZER OFF
2026-09-21 14:40:27,361 - [ALARM DEBUG] PERSON: 1, NORMAL VEHICLE: 0, UNKNOWN VEHICLE: 0
2026-09-21 14:40:27,370 - [ALARM DEBUG] Final alarm state: ON
2026-09-21 14:40:27,372 - [ALARM DEBUG] Calling ESP32 alarm_on()
2026-09-21 14:40:27,374 - [ALARM] PERSON detected -> BUZZER ON
2026-09-21 14:41:21,513 - [ALARM DEBUG] Final alarm state: OFF
2026-09-21 14:41:21,518 - [ALARM DEBUG] Calling ESP32 alarm_off()
2026-09-21 14:41:21,529 - [ALARM] No active alert -> BUZZER OFF
2026-09-21 14:41:22,491 - [ALARM DEBUG] PERSON: 0, NORMAL VEHICLE: 0, UNKNOWN VEHICLE: 1
2026-09-21 14:41:22,493 - [ALARM DEBUG] Final alarm state: ON
2026-09-21 14:41:22,507 - [ALARM DEBUG] Calling ESP32 alarm_on()
2026-09-21 14:41:22,515 - [ALARM] UNKNOWN VEHICLE -> BUZZER ON
2026-09-21 14:41:23,457 - [ALARM DEBUG] Final alarm state: OFF
2026-09-21 14:41:23,460 - [ALARM DEBUG] Calling ESP32 alarm_off()
2026-09-21 14:41:23,463 - [ALARM] No active alert -> BUZZER OFF
2026-09-21 14:41:24,361 - [ALARM DEBUG] PERSON: 0, NORMAL VEHICLE: 0, UNKNOWN VEHICLE: 1
2026-09-21 14:41:24,367 - [ALARM DEBUG] Final alarm state: ON
2026-09-21 14:41:24,368 - [ALARM DEBUG] Calling ESP32 alarm_on()
2026-09-21 14:41:24,369 - [ALARM] UNKNOWN VEHICLE -> BUZZER ON
2026-09-21 14:41:28,572 - [ALARM DEBUG] Final alarm state: OFF
2026-09-21 14:41:28,584 - [ALARM DEBUG] Calling ESP32 alarm_off()
2026-09-21 14:41:28,586 - [ALARM] No active alert -> BUZZER OFF
2026-09-21 14:41:29,589 - [ALARM DEBUG] PERSON: 0, NORMAL VEHICLE: 0, UNKNOWN VEHICLE: 1
2026-09-21 14:41:29,591 - [ALARM DEBUG] Final alarm state: ON
2026-09-21 14:41:29,596 - [ALARM DEBUG] Calling ESP32 alarm_on()
2026-09-21 14:41:29,603 - [ALARM] UNKNOWN VEHICLE -> BUZZER ON
2026-09-21 14:41:41,006 - [ALARM DEBUG] Final alarm state: OFF
2026-09-21 14:41:41,016 - [ALARM DEBUG] Calling ESP32 alarm_off()
2026-09-21 14:41:41,019 - [ALARM] No active alert -> BUZZER OFF
2026-09-21 14:41:41,988 - [ALARM DEBUG] PERSON: 0, NORMAL VEHICLE: 0, UNKNOWN VEHICLE: 1
2026-09-21 14:41:41,997 - [ALARM DEBUG] Final alarm state: ON
2026-09-21 14:41:42,008 - [ALARM DEBUG] Calling ESP32 alarm_on()
2026-09-21 14:41:42,027 - [ALARM] UNKNOWN VEHICLE -> BUZZER ON
2026-09-21 14:41:43,036 - [ALARM DEBUG] Final alarm state: OFF
2026-09-21 14:41:43,046 - [ALARM DEBUG] Calling ESP32 alarm_off()
2026-09-21 14:41:43,048 - [ALARM] No active alert -> BUZZER OFF
2026-09-21 14:41:45,191 - [ALARM DEBUG] PERSON: 0, NORMAL VEHICLE: 0, UNKNOWN VEHICLE: 1
2026-09-21 14:41:45,194 - [ALARM DEBUG] Final alarm state: ON
2026-09-21 14:41:45,195 - [ALARM DEBUG] Calling ESP32 alarm_on()
2026-09-21 14:41:45,196 - [ALARM] UNKNOWN VEHICLE -> BUZZER ON
2026-09-21 14:41:49,313 - [ALARM DEBUG] Final alarm state: OFF
2026-09-21 14:41:49,313 - [ALARM DEBUG] Calling ESP32 alarm_off()
2026-09-21 14:41:49,313 - [ALARM] No active alert -> BUZZER OFF
2026-09-21 14:41:52,550 - [ALARM DEBUG] PERSON: 1, NORMAL VEHICLE: 0, UNKNOWN VEHICLE: 0
2026-09-21 14:41:52,554 - [ALARM DEBUG] Final alarm state: ON
2026-09-21 14:41:52,554 - [ALARM DEBUG] Calling ESP32 alarm_on()
2026-09-21 14:41:52,556 - [ALARM] PERSON detected -> BUZZER ON
2026-09-21 14:42:03,045 - [ALARM DEBUG] Final alarm state: OFF
2026-09-21 14:42:03,048 - [ALARM DEBUG] Calling ESP32 alarm_off()
2026-09-21 14:42:03,051 - [ALARM] No active alert -> BUZZER OFF
2026-09-21 14:42:06,189 - [ALARM DEBUG] PERSON: 1, NORMAL VEHICLE: 0, UNKNOWN VEHICLE: 0
2026-09-21 14:42:06,189 - [ALARM DEBUG] Final alarm state: ON
2026-09-21 14:42:06,189 - [ALARM DEBUG] Calling ESP32 alarm_on()
2026-09-21 14:42:06,189 - [ALARM] PERSON detected -> BUZZER ON
2026-09-21 14:42:46,439 - [ALARM DEBUG] Final alarm state: OFF
2026-09-21 14:42:46,440 - [ALARM DEBUG] Calling ESP32 alarm_off()
2026-09-21 14:42:46,442 - [ALARM] No active alert -> BUZZER OFF
2026-09-21 14:42:56,824 - [ALARM DEBUG] PERSON: 0, NORMAL VEHICLE: 0, UNKNOWN VEHICLE: 1
2026-09-21 14:42:56,832 - [ALARM DEBUG] Final alarm state: ON
2026-09-21 14:42:56,833 - [ALARM DEBUG] Calling ESP32 alarm_on()
2026-09-21 14:42:56,833 - [ALARM] UNKNOWN VEHICLE -> BUZZER ON
2026-09-21 14:43:00,684 - [ALARM DEBUG] Final alarm state: OFF
2026-09-21 14:43:00,717 - [ALARM DEBUG] Calling ESP32 alarm_off()
2026-09-21 14:43:00,718 - [ALARM] No active alert -> BUZZER OFF
2026-09-21 14:43:01,672 - [ALARM DEBUG] PERSON: 0, NORMAL VEHICLE: 0, UNKNOWN VEHICLE: 2
2026-09-21 14:43:01,673 - [ALARM DEBUG] Final alarm state: ON
2026-09-21 14:43:01,680 - [ALARM DEBUG] Calling ESP32 alarm_on()
2026-09-21 14:43:01,681 - [ALARM] UNKNOWN VEHICLE -> BUZZER ON
2026-09-21 14:43:36,665 - [ALARM DEBUG] Final alarm state: OFF
2026-09-21 14:43:36,667 - [ALARM DEBUG] Calling ESP32 alarm_off()
2026-09-21 14:43:36,667 - [ALARM] No active alert -> BUZZER OFF
2026-09-21 14:43:39,283 - [ALARM DEBUG] PERSON: 1, NORMAL VEHICLE: 0, UNKNOWN VEHICLE: 0
2026-09-21 14:43:39,284 - [ALARM DEBUG] Final alarm state: ON
2026-09-21 14:43:39,284 - [ALARM DEBUG] Calling ESP32 alarm_on()
2026-09-21 14:43:39,284 - [ALARM] PERSON detected -> BUZZER ON
2026-09-21 14:43:39,897 - [ALARM DEBUG] Final alarm state: OFF
2026-09-21 14:43:39,898 - [ALARM DEBUG] Calling ESP32 alarm_off()
2026-09-21 14:43:39,898 - [ALARM] No active alert -> BUZZER OFF
2026-09-21 14:43:41,709 - [ALARM DEBUG] PERSON: 1, NORMAL VEHICLE: 0, UNKNOWN VEHICLE: 0
2026-09-21 14:43:41,711 - [ALARM DEBUG] Final alarm state: ON
2026-09-21 14:43:41,711 - [ALARM DEBUG] Calling ESP32 alarm_on()
2026-09-21 14:43:41,711 - [ALARM] PERSON detected -> BUZZER ON
2026-09-21 14:43:56,123 - [ALARM DEBUG] Final alarm state: OFF
2026-09-21 14:43:56,126 - [ALARM DEBUG] Calling ESP32 alarm_off()
2026-09-21 14:43:56,126 - [ALARM] No active alert -> BUZZER OFF
2026-09-21 14:54:15,128 - [ALARM DEBUG] PERSON: 1, NORMAL VEHICLE: 0, UNKNOWN VEHICLE: 0
2026-09-21 14:54:15,128 - [ALARM DEBUG] Final alarm state: ON
2026-09-21 14:54:15,128 - [ALARM DEBUG] Calling ESP32 alarm_on()
2026-09-21 14:54:15,128 - [ALARM] PERSON detected -> BUZZER ON
2026-09-21 15:00:04,432 - [ALARM DEBUG] Final alarm state: OFF
2026-09-21 15:00:04,432 - [ALARM DEBUG] Calling ESP32 alarm_off()
2026-09-21 15:00:04,432 - [ALARM] No active alert -> BUZZER OFF
2026-09-21 15:00:11,043 - [ALARM DEBUG] PERSON: 0, NORMAL VEHICLE: 0, UNKNOWN VEHICLE: 1
2026-09-21 15:00:11,043 - [ALARM DEBUG] Final alarm state: ON
2026-09-21 15:00:11,043 - [ALARM DEBUG] Calling ESP32 alarm_on()
2026-09-21 15:00:11,044 - [ALARM] UNKNOWN VEHICLE -> BUZZER ON
2026-09-21 15:00:13,718 - [ALARM DEBUG] Final alarm state: OFF
2026-09-21 15:00:13,719 - [ALARM DEBUG] Calling ESP32 alarm_off()
2026-09-21 15:00:13,719 - [ALARM] No active alert -> BUZZER OFF
2026-09-21 15:00:17,795 - [ALARM DEBUG] PERSON: 0, NORMAL VEHICLE: 0, UNKNOWN VEHICLE: 1
2026-09-21 15:00:17,795 - [ALARM DEBUG] Final alarm state: ON
2026-09-21 15:00:17,796 - [ALARM DEBUG] Calling ESP32 alarm_on()
2026-09-21 15:00:17,796 - [ALARM] UNKNOWN VEHICLE -> BUZZER ON
2026-09-21 15:00:21,464 - [ALARM DEBUG] Final alarm state: OFF
2026-09-21 15:00:21,465 - [ALARM DEBUG] Calling ESP32 alarm_off()
2026-09-21 15:00:21,465 - [ALARM] No active alert -> BUZZER OFF
2026-09-21 15:00:22,934 - [ALARM DEBUG] PERSON: 1, NORMAL VEHICLE: 1, UNKNOWN VEHICLE: 0
2026-09-21 15:00:22,935 - [ALARM DEBUG] Final alarm state: ON
2026-09-21 15:00:22,935 - [ALARM DEBUG] Calling ESP32 alarm_on()
2026-09-21 15:00:22,936 - [ALARM] PERSON detected -> BUZZER ON
2026-09-21 15:00:23,783 - [ALARM DEBUG] Final alarm state: OFF
2026-09-21 15:00:23,785 - [ALARM DEBUG] Calling ESP32 alarm_off()
2026-09-21 15:00:23,786 - [ALARM] No active alert -> BUZZER OFF
2026-09-21 15:00:24,748 - [ALARM DEBUG] PERSON: 0, NORMAL VEHICLE: 0, UNKNOWN VEHICLE: 1
2026-09-21 15:00:24,749 - [ALARM DEBUG] Final alarm state: ON
2026-09-21 15:00:24,755 - [ALARM DEBUG] Calling ESP32 alarm_on()
2026-09-21 15:00:24,758 - [ALARM] UNKNOWN VEHICLE -> BUZZER ON
2026-09-21 15:00:38,916 - [ALARM DEBUG] Final alarm state: OFF
2026-09-21 15:00:38,916 - [ALARM DEBUG] Calling ESP32 alarm_off()
2026-09-21 15:00:38,916 - [ALARM] No active alert -> BUZZER OFF
2026-09-21 15:00:39,892 - [ALARM DEBUG] PERSON: 0, NORMAL VEHICLE: 1, UNKNOWN VEHICLE: 0
2026-09-21 15:00:39,893 - [ALARM DEBUG] Final alarm state: ON
2026-09-21 15:00:39,893 - [ALARM DEBUG] Calling ESP32 alarm_on()
2026-09-21 15:00:39,894 - [ALARM] NORMAL VEHICLE -> BUZZER ON
2026-09-21 15:00:43,223 - [ALARM DEBUG] Final alarm state: OFF
2026-09-21 15:00:43,224 - [ALARM DEBUG] Calling ESP32 alarm_off()
2026-09-21 15:00:43,224 - [ALARM] No active alert -> BUZZER OFF
2026-09-21 15:00:44,896 - [ALARM DEBUG] PERSON: 0, NORMAL VEHICLE: 0, UNKNOWN VEHICLE: 1
2026-09-21 15:00:44,896 - [ALARM DEBUG] Final alarm state: ON
2026-09-21 15:00:44,896 - [ALARM DEBUG] Calling ESP32 alarm_on()
2026-09-21 15:00:44,896 - [ALARM] UNKNOWN VEHICLE -> BUZZER ON
2026-09-21 15:00:53,949 - [ALARM DEBUG] Final alarm state: OFF
2026-09-21 15:00:53,950 - [ALARM DEBUG] Calling ESP32 alarm_off()
2026-09-21 15:00:53,950 - [ALARM] No active alert -> BUZZER OFF
2026-09-21 15:00:54,651 - [ALARM DEBUG] PERSON: 0, NORMAL VEHICLE: 1, UNKNOWN VEHICLE: 0
2026-09-21 15:00:54,651 - [ALARM DEBUG] Final alarm state: ON
2026-09-21 15:00:54,651 - [ALARM DEBUG] Calling ESP32 alarm_on()
2026-09-21 15:00:54,651 - [ALARM] NORMAL VEHICLE -> BUZZER ON
2026-09-21 15:01:13,279 - [ALARM DEBUG] Final alarm state: OFF
2026-09-21 15:01:13,279 - [ALARM DEBUG] Calling ESP32 alarm_off()
2026-09-21 15:01:13,279 - [ALARM] No active alert -> BUZZER OFF
2026-09-21 15:01:15,983 - [ALARM DEBUG] PERSON: 1, NORMAL VEHICLE: 0, UNKNOWN VEHICLE: 0
2026-09-21 15:01:15,984 - [ALARM DEBUG] Final alarm state: ON
2026-09-21 15:01:15,984 - [ALARM DEBUG] Calling ESP32 alarm_on()
2026-09-21 15:01:15,984 - [ALARM] PERSON detected -> BUZZER ON
2026-09-21 15:01:16,593 - [ALARM DEBUG] Final alarm state: OFF
2026-09-21 15:01:16,594 - [ALARM DEBUG] Calling ESP32 alarm_off()
2026-09-21 15:01:16,594 - [ALARM] No active alert -> BUZZER OFF
2026-09-21 15:01:43,891 - [ALARM DEBUG] PERSON: 1, NORMAL VEHICLE: 0, UNKNOWN VEHICLE: 0
2026-09-21 15:01:43,891 - [ALARM DEBUG] Final alarm state: ON
2026-09-21 15:01:43,892 - [ALARM DEBUG] Calling ESP32 alarm_on()
2026-09-21 15:01:43,892 - [ALARM] PERSON detected -> BUZZER ON
2026-09-21 15:02:57,829 - [ALARM DEBUG] Final alarm state: OFF
2026-09-21 15:02:57,829 - [ALARM DEBUG] Calling ESP32 alarm_off()
2026-09-21 15:02:57,829 - [ALARM] No active alert -> BUZZER OFF
2026-09-21 15:03:19,131 - [ALARM DEBUG] PERSON: 0, NORMAL VEHICLE: 0, UNKNOWN VEHICLE: 1
2026-09-21 15:03:19,132 - [ALARM DEBUG] Final alarm state: ON
2026-09-21 15:03:19,132 - [ALARM DEBUG] Calling ESP32 alarm_on()
2026-09-21 15:03:19,132 - [ALARM] UNKNOWN VEHICLE -> BUZZER ON
2026-09-21 15:03:20,083 - [ALARM DEBUG] Final alarm state: OFF
2026-09-21 15:03:20,083 - [ALARM DEBUG] Calling ESP32 alarm_off()
2026-09-21 15:03:20,083 - [ALARM] No active alert -> BUZZER OFF
2026-09-21 15:03:20,878 - [ALARM DEBUG] PERSON: 0, NORMAL VEHICLE: 0, UNKNOWN VEHICLE: 1
2026-09-21 15:03:20,878 - [ALARM DEBUG] Final alarm state: ON
2026-09-21 15:03:20,878 - [ALARM DEBUG] Calling ESP32 alarm_on()
2026-09-21 15:03:20,878 - [ALARM] UNKNOWN VEHICLE -> BUZZER ON
2026-09-21 15:03:21,601 - [ALARM DEBUG] Final alarm state: OFF
2026-09-21 15:03:21,601 - [ALARM DEBUG] Calling ESP32 alarm_off()
2026-09-21 15:03:21,601 - [ALARM] No active alert -> BUZZER OFF
2026-09-21 15:03:39,937 - [ALARM DEBUG] PERSON: 1, NORMAL VEHICLE: 0, UNKNOWN VEHICLE: 0
2026-09-21 15:03:39,938 - [ALARM DEBUG] Final alarm state: ON
2026-09-21 15:03:39,942 - [ALARM DEBUG] Calling ESP32 alarm_on()
2026-09-21 15:03:39,942 - [ALARM] PERSON detected -> BUZZER ON
2026-09-21 15:03:40,918 - [ALARM DEBUG] Final alarm state: OFF
2026-09-21 15:03:40,918 - [ALARM DEBUG] Calling ESP32 alarm_off()
2026-09-21 15:03:40,920 - [ALARM] No active alert -> BUZZER OFF
2026-09-21 15:03:41,701 - [ALARM DEBUG] PERSON: 0, NORMAL VEHICLE: 0, UNKNOWN VEHICLE: 1
2026-09-21 15:03:41,715 - [ALARM DEBUG] Final alarm state: ON
2026-09-21 15:03:41,716 - [ALARM DEBUG] Calling ESP32 alarm_on()
2026-09-21 15:03:41,716 - [ALARM] UNKNOWN VEHICLE -> BUZZER ON
2026-09-21 15:03:43,467 - [ALARM DEBUG] Final alarm state: OFF
2026-09-21 15:03:43,468 - [ALARM DEBUG] Calling ESP32 alarm_off()
2026-09-21 15:03:43,468 - [ALARM] No active alert -> BUZZER OFF
2026-09-21 15:03:45,062 - [ALARM DEBUG] PERSON: 0, NORMAL VEHICLE: 0, UNKNOWN VEHICLE: 1
2026-09-21 15:03:45,064 - [ALARM DEBUG] Final alarm state: ON
2026-09-21 15:03:45,065 - [ALARM DEBUG] Calling ESP32 alarm_on()
2026-09-21 15:03:45,066 - [ALARM] UNKNOWN VEHICLE -> BUZZER ON
2026-09-21 15:03:45,983 - [ALARM DEBUG] Final alarm state: OFF
2026-09-21 15:03:45,984 - [ALARM DEBUG] Calling ESP32 alarm_off()
2026-09-21 15:03:45,984 - [ALARM] No active alert -> BUZZER OFF
2026-09-21 15:03:50,674 - [ALARM DEBUG] PERSON: 0, NORMAL VEHICLE: 0, UNKNOWN VEHICLE: 1
2026-09-21 15:03:50,677 - [ALARM DEBUG] Final alarm state: ON
2026-09-21 15:03:50,678 - [ALARM DEBUG] Calling ESP32 alarm_on()
2026-09-21 15:03:50,678 - [ALARM] UNKNOWN VEHICLE -> BUZZER ON
2026-09-21 15:03:59,840 - [ALARM DEBUG] Final alarm state: OFF
2026-09-21 15:03:59,841 - [ALARM DEBUG] Calling ESP32 alarm_off()
2026-09-21 15:03:59,842 - [ALARM] No active alert -> BUZZER OFF
2026-09-21 15:04:03,870 - [ALARM DEBUG] PERSON: 0, NORMAL VEHICLE: 0, UNKNOWN VEHICLE: 1
2026-09-21 15:04:03,871 - [ALARM DEBUG] Final alarm state: ON
2026-09-21 15:04:03,872 - [ALARM DEBUG] Calling ESP32 alarm_on()
2026-09-21 15:04:03,872 - [ALARM] UNKNOWN VEHICLE -> BUZZER ON
2026-09-21 15:04:09,491 - [ALARM DEBUG] Final alarm state: OFF
2026-09-21 15:04:09,492 - [ALARM DEBUG] Calling ESP32 alarm_off()
2026-09-21 15:04:09,492 - [ALARM] No active alert -> BUZZER OFF
2026-09-21 15:04:10,208 - [ALARM DEBUG] PERSON: 0, NORMAL VEHICLE: 0, UNKNOWN VEHICLE: 1
2026-09-21 15:04:10,208 - [ALARM DEBUG] Final alarm state: ON
2026-09-21 15:04:10,208 - [ALARM DEBUG] Calling ESP32 alarm_on()
2026-09-21 15:04:10,208 - [ALARM] UNKNOWN VEHICLE -> BUZZER ON
2026-09-21 15:04:23,776 - [ALARM DEBUG] Final alarm state: OFF
2026-09-21 15:04:23,776 - [ALARM DEBUG] Calling ESP32 alarm_off()
2026-09-21 15:04:23,777 - [ALARM] No active alert -> BUZZER OFF
2026-09-21 15:04:29,943 - [ALARM DEBUG] PERSON: 1, NORMAL VEHICLE: 0, UNKNOWN VEHICLE: 0
2026-09-21 15:04:29,944 - [ALARM DEBUG] Final alarm state: ON
2026-09-21 15:04:29,944 - [ALARM DEBUG] Calling ESP32 alarm_on()
2026-09-21 15:04:29,944 - [ALARM] PERSON detected -> BUZZER ON
2026-09-21 15:05:39,555 - [ALARM DEBUG] Final alarm state: OFF
2026-09-21 15:05:39,556 - [ALARM DEBUG] Calling ESP32 alarm_off()
2026-09-21 15:05:39,556 - [ALARM] No active alert -> BUZZER OFF
2026-09-21 15:18:46,487 - [ALARM DEBUG] PERSON: 1, NORMAL VEHICLE: 0, UNKNOWN VEHICLE: 0
2026-09-21 15:18:46,488 - [ALARM DEBUG] Final alarm state: ON
2026-09-21 15:18:46,488 - [ALARM DEBUG] Calling ESP32 alarm_on()
2026-09-21 15:18:46,488 - [ALARM] PERSON detected -> BUZZER ON
2026-09-21 15:18:53,278 - [ALARM DEBUG] Final alarm state: OFF
2026-09-21 15:18:53,279 - [ALARM DEBUG] Calling ESP32 alarm_off()
2026-09-21 15:18:53,279 - [ALARM] No active alert -> BUZZER OFF
2026-09-21 15:25:07,419 - [ALARM DEBUG] PERSON: 2, NORMAL VEHICLE: 0, UNKNOWN VEHICLE: 0
2026-09-21 15:25:07,419 - [ALARM DEBUG] Final alarm state: ON
2026-09-21 15:25:07,419 - [ALARM DEBUG] Calling ESP32 alarm_on()
2026-09-21 15:25:07,419 - [ALARM] PERSON detected -> BUZZER ON
2026-09-21 21:32:46,483 - [ALARM DEBUG] Final alarm state: OFF
2026-09-21 21:32:46,484 - [ALARM DEBUG] Calling ESP32 alarm_off()
2026-09-21 21:32:46,484 - [ALARM] No active alert -> BUZZER OFF
2026-09-21 21:32:50,114 - [ALARM DEBUG] PERSON: 1, NORMAL VEHICLE: 0, UNKNOWN VEHICLE: 0
2026-09-21 21:32:50,117 - [ALARM DEBUG] Final alarm state: ON
2026-09-21 21:32:50,117 - [ALARM DEBUG] Calling ESP32 alarm_on()
2026-09-21 21:32:50,118 - [ALARM] PERSON detected -> BUZZER ON
2026-09-21 22:03:53,810 - [ALARM DEBUG] Final alarm state: OFF
2026-09-21 22:03:53,812 - [ALARM DEBUG] Calling ESP32 alarm_off()
2026-09-21 22:03:53,812 - [ALARM] No active alert -> BUZZER OFF
2026-09-21 22:03:54,662 - [ALARM DEBUG] PERSON: 1, NORMAL VEHICLE: 0, UNKNOWN VEHICLE: 0
2026-09-21 22:03:54,663 - [ALARM DEBUG] Final alarm state: ON
2026-09-21 22:03:54,663 - [ALARM DEBUG] Calling ESP32 alarm_on()
2026-09-21 22:03:54,663 - [ALARM] PERSON detected -> BUZZER ON
2026-09-21 22:03:55,283 - [ALARM DEBUG] Final alarm state: OFF
2026-09-21 22:03:55,284 - [ALARM DEBUG] Calling ESP32 alarm_off()
2026-09-21 22:03:55,284 - [ALARM] No active alert -> BUZZER OFF
2026-09-21 22:04:16,239 - [ALARM DEBUG] PERSON: 1, NORMAL VEHICLE: 0, UNKNOWN VEHICLE: 0
2026-09-21 22:04:16,240 - [ALARM DEBUG] Final alarm state: ON
2026-09-21 22:04:16,241 - [ALARM DEBUG] Calling ESP32 alarm_on()
2026-09-21 22:04:16,242 - [ALARM] PERSON detected -> BUZZER ON
2026-09-21 22:08:40,470 - [ALARM DEBUG] Final alarm state: OFF
2026-09-21 22:08:40,470 - [ALARM DEBUG] Calling ESP32 alarm_off()
2026-09-21 22:08:40,470 - [ALARM] No active alert -> BUZZER OFF
2026-09-21 22:08:42,518 - [ALARM DEBUG] PERSON: 1, NORMAL VEHICLE: 0, UNKNOWN VEHICLE: 0
2026-09-21 22:08:42,519 - [ALARM DEBUG] Final alarm state: ON
2026-09-21 22:08:42,519 - [ALARM DEBUG] Calling ESP32 alarm_on()
2026-09-21 22:08:42,519 - [ALARM] PERSON detected -> BUZZER ON
2026-09-21 22:12:15,244 - [ALARM DEBUG] Final alarm state: OFF
2026-09-21 22:12:15,251 - [ALARM DEBUG] Calling ESP32 alarm_off()
2026-09-21 22:12:15,252 - [ALARM] No active alert -> BUZZER OFF
2026-09-21 22:12:21,620 - [ALARM DEBUG] PERSON: 1, NORMAL VEHICLE: 0, UNKNOWN VEHICLE: 0
2026-09-21 22:12:21,621 - [ALARM DEBUG] Final alarm state: ON
2026-09-21 22:12:21,621 - [ALARM DEBUG] Calling ESP32 alarm_on()
2026-09-21 22:12:21,621 - [ALARM] PERSON detected -> BUZZER ON
2026-09-21 22:12:26,485 - [ALARM DEBUG] Final alarm state: OFF
2026-09-21 22:12:26,486 - [ALARM DEBUG] Calling ESP32 alarm_off()
2026-09-21 22:12:26,487 - [ALARM] No active alert -> BUZZER OFF
2026-09-21 22:12:27,195 - [ALARM DEBUG] PERSON: 1, NORMAL VEHICLE: 0, UNKNOWN VEHICLE: 0
2026-09-21 22:12:27,196 - [ALARM DEBUG] Final alarm state: ON
2026-09-21 22:12:27,196 - [ALARM DEBUG] Calling ESP32 alarm_on()
2026-09-21 22:12:27,196 - [ALARM] PERSON detected -> BUZZER ON
2026-09-21 22:12:27,858 - [ALARM DEBUG] Final alarm state: OFF
2026-09-21 22:12:27,859 - [ALARM DEBUG] Calling ESP32 alarm_off()
2026-09-21 22:12:27,859 - [ALARM] No active alert -> BUZZER OFF
2026-09-21 22:12:31,708 - [ALARM DEBUG] PERSON: 1, NORMAL VEHICLE: 0, UNKNOWN VEHICLE: 0
2026-09-21 22:12:31,709 - [ALARM DEBUG] Final alarm state: ON
2026-09-21 22:12:31,709 - [ALARM DEBUG] Calling ESP32 alarm_on()
2026-09-21 22:12:31,709 - [ALARM] PERSON detected -> BUZZER ON
2026-09-21 22:12:32,435 - [ALARM DEBUG] Final alarm state: OFF
2026-09-21 22:12:32,435 - [ALARM DEBUG] Calling ESP32 alarm_off()
2026-09-21 22:12:32,435 - [ALARM] No active alert -> BUZZER OFF
2026-09-21 22:12:33,898 - [ALARM DEBUG] PERSON: 1, NORMAL VEHICLE: 0, UNKNOWN VEHICLE: 0
2026-09-21 22:12:33,898 - [ALARM DEBUG] Final alarm state: ON
2026-09-21 22:12:33,898 - [ALARM DEBUG] Calling ESP32 alarm_on()
2026-09-21 22:12:33,899 - [ALARM] PERSON detected -> BUZZER ON
2026-09-21 22:13:20,690 - [ALARM DEBUG] Final alarm state: OFF
2026-09-21 22:13:20,690 - [ALARM DEBUG] Calling ESP32 alarm_off()
2026-09-21 22:13:20,694 - [ALARM] No active alert -> BUZZER OFF
2026-09-21 22:13:21,653 - [ALARM DEBUG] PERSON: 1, NORMAL VEHICLE: 0, UNKNOWN VEHICLE: 0
2026-09-21 22:13:21,653 - [ALARM DEBUG] Final alarm state: ON
2026-09-21 22:13:21,653 - [ALARM DEBUG] Calling ESP32 alarm_on()
2026-09-21 22:13:21,653 - [ALARM] PERSON detected -> BUZZER ON
2026-09-21 22:15:40,144 - Starting background VLM surveillance pipeline...
2026-09-21 22:15:53,667 - [ALARM DEBUG] PERSON: 2, NORMAL VEHICLE: 0, UNKNOWN VEHICLE: 0
2026-09-21 22:15:53,668 - [ALARM DEBUG] Final alarm state: ON
2026-09-21 22:15:53,669 - [ALARM DEBUG] Calling ESP32 alarm_on()
2026-09-21 22:15:53,675 - [ALARM] PERSON detected -> BUZZER ON
2026-09-21 22:18:10,677 - [ALARM DEBUG] Final alarm state: OFF
2026-09-21 22:18:10,679 - [ALARM DEBUG] Calling ESP32 alarm_off()
2026-09-21 22:18:10,684 - [ALARM] No active alert -> BUZZER OFF
2026-09-21 22:18:12,661 - [ALARM DEBUG] PERSON: 1, NORMAL VEHICLE: 0, UNKNOWN VEHICLE: 0
2026-09-21 22:18:12,666 - [ALARM DEBUG] Final alarm state: ON
2026-09-21 22:18:12,677 - [ALARM DEBUG] Calling ESP32 alarm_on()
2026-09-21 22:18:12,681 - [ALARM] PERSON detected -> BUZZER ON
2026-09-21 22:18:15,819 - [ALARM DEBUG] Final alarm state: OFF
2026-09-21 22:18:15,824 - [ALARM DEBUG] Calling ESP32 alarm_off()
2026-09-21 22:18:15,861 - [ALARM] No active alert -> BUZZER OFF
2026-09-21 22:18:18,787 - [ALARM DEBUG] PERSON: 1, NORMAL VEHICLE: 0, UNKNOWN VEHICLE: 0
2026-09-21 22:18:18,798 - [ALARM DEBUG] Final alarm state: ON
2026-09-21 22:18:18,799 - [ALARM DEBUG] Calling ESP32 alarm_on()
2026-09-21 22:18:18,801 - [ALARM] PERSON detected -> BUZZER ON
2026-09-21 22:18:19,807 - [ALARM DEBUG] Final alarm state: OFF
2026-09-21 22:18:19,812 - [ALARM DEBUG] Calling ESP32 alarm_off()
2026-09-21 22:18:19,814 - [ALARM] No active alert -> BUZZER OFF
2026-09-21 22:18:26,649 - [ALARM DEBUG] PERSON: 1, NORMAL VEHICLE: 0, UNKNOWN VEHICLE: 0
2026-09-21 22:18:26,662 - [ALARM DEBUG] Final alarm state: ON
2026-09-21 22:18:26,682 - [ALARM DEBUG] Calling ESP32 alarm_on()
2026-09-21 22:18:26,692 - [ALARM] PERSON detected -> BUZZER ON
2026-09-21 22:18:28,993 - [ALARM DEBUG] Final alarm state: OFF
2026-09-21 22:18:28,995 - [ALARM DEBUG] Calling ESP32 alarm_off()
2026-09-21 22:18:29,005 - [ALARM] No active alert -> BUZZER OFF
2026-09-21 22:18:35,313 - [ALARM DEBUG] PERSON: 1, NORMAL VEHICLE: 0, UNKNOWN VEHICLE: 0
2026-09-21 22:18:35,316 - [ALARM DEBUG] Final alarm state: ON
2026-09-21 22:18:35,318 - [ALARM DEBUG] Calling ESP32 alarm_on()
2026-09-21 22:18:35,321 - [ALARM] PERSON detected -> BUZZER ON
2026-09-21 22:18:38,558 - [ALARM DEBUG] Final alarm state: OFF
2026-09-21 22:18:38,560 - [ALARM DEBUG] Calling ESP32 alarm_off()
2026-09-21 22:18:38,562 - [ALARM] No active alert -> BUZZER OFF
2026-09-21 22:19:09,391 - [ALARM DEBUG] PERSON: 1, NORMAL VEHICLE: 0, UNKNOWN VEHICLE: 0
2026-09-21 22:19:09,393 - [ALARM DEBUG] Final alarm state: ON
2026-09-21 22:19:09,399 - [ALARM DEBUG] Calling ESP32 alarm_on()
2026-09-21 22:19:09,405 - [ALARM] PERSON detected -> BUZZER ON
2026-09-21 22:19:41,946 - [ALARM DEBUG] Final alarm state: OFF
2026-09-21 22:19:41,953 - [ALARM DEBUG] Calling ESP32 alarm_off()
2026-09-21 22:19:41,959 - [ALARM] No active alert -> BUZZER OFF
2026-09-21 22:22:41,309 - [ALARM DEBUG] PERSON: 1, NORMAL VEHICLE: 0, UNKNOWN VEHICLE: 0
2026-09-21 22:22:41,311 - [ALARM DEBUG] Final alarm state: ON
2026-09-21 22:22:41,311 - [ALARM DEBUG] Calling ESP32 alarm_on()
2026-09-21 22:22:41,311 - [ALARM] PERSON detected -> BUZZER ON
2026-09-21 22:22:43,230 - [ALARM DEBUG] Final alarm state: OFF
2026-09-21 22:22:43,231 - [ALARM DEBUG] Calling ESP32 alarm_off()
2026-09-21 22:22:43,231 - [ALARM] No active alert -> BUZZER OFF
2026-09-21 22:22:54,645 - [ALARM DEBUG] PERSON: 1, NORMAL VEHICLE: 0, UNKNOWN VEHICLE: 0
2026-09-21 22:22:54,649 - [ALARM DEBUG] Final alarm state: ON
2026-09-21 22:22:54,650 - [ALARM DEBUG] Calling ESP32 alarm_on()
2026-09-21 22:22:54,651 - [ALARM] PERSON detected -> BUZZER ON
2026-09-21 22:22:56,352 - [ALARM DEBUG] Final alarm state: OFF
2026-09-21 22:22:56,352 - [ALARM DEBUG] Calling ESP32 alarm_off()
2026-09-21 22:22:56,352 - [ALARM] No active alert -> BUZZER OFF
2026-09-21 22:23:08,305 - [ALARM DEBUG] PERSON: 1, NORMAL VEHICLE: 0, UNKNOWN VEHICLE: 0
2026-09-21 22:23:08,307 - [ALARM DEBUG] Final alarm state: ON
2026-09-21 22:23:08,308 - [ALARM DEBUG] Calling ESP32 alarm_on()
2026-09-21 22:23:08,309 - [ALARM] PERSON detected -> BUZZER ON
2026-09-21 22:23:11,991 - [ALARM DEBUG] Final alarm state: OFF
2026-09-21 22:23:11,992 - [ALARM DEBUG] Calling ESP32 alarm_off()
2026-09-21 22:23:11,992 - [ALARM] No active alert -> BUZZER OFF
2026-09-21 22:23:12,905 - [ALARM DEBUG] PERSON: 1, NORMAL VEHICLE: 0, UNKNOWN VEHICLE: 0
2026-09-21 22:23:12,912 - [ALARM DEBUG] Final alarm state: ON
2026-09-21 22:23:12,912 - [ALARM DEBUG] Calling ESP32 alarm_on()
2026-09-21 22:23:12,913 - [ALARM] PERSON detected -> BUZZER ON
2026-09-21 22:23:17,465 - [ALARM DEBUG] Final alarm state: OFF
2026-09-21 22:23:17,471 - [ALARM DEBUG] Calling ESP32 alarm_off()
2026-09-21 22:23:17,472 - [ALARM] No active alert -> BUZZER OFF
2026-09-21 22:23:18,203 - [ALARM DEBUG] PERSON: 1, NORMAL VEHICLE: 0, UNKNOWN VEHICLE: 0
2026-09-21 22:23:18,212 - [ALARM DEBUG] Final alarm state: ON
2026-09-21 22:23:18,219 - [ALARM DEBUG] Calling ESP32 alarm_on()
2026-09-21 22:23:18,228 - [ALARM] PERSON detected -> BUZZER ON
2026-09-21 22:23:19,038 - [ALARM DEBUG] Final alarm state: OFF
2026-09-21 22:23:19,040 - [ALARM DEBUG] Calling ESP32 alarm_off()
2026-09-21 22:23:19,040 - [ALARM] No active alert -> BUZZER OFF
2026-09-21 22:23:19,807 - [ALARM DEBUG] PERSON: 1, NORMAL VEHICLE: 0, UNKNOWN VEHICLE: 0
2026-09-21 22:23:19,808 - [ALARM DEBUG] Final alarm state: ON
2026-09-21 22:23:19,808 - [ALARM DEBUG] Calling ESP32 alarm_on()
2026-09-21 22:23:19,808 - [ALARM] PERSON detected -> BUZZER ON
2026-09-21 22:23:23,795 - [ALARM DEBUG] Final alarm state: OFF
2026-09-21 22:23:23,796 - [ALARM DEBUG] Calling ESP32 alarm_off()
2026-09-21 22:23:23,797 - [ALARM] No active alert -> BUZZER OFF
2026-09-21 22:23:24,607 - [ALARM DEBUG] PERSON: 1, NORMAL VEHICLE: 0, UNKNOWN VEHICLE: 0
2026-09-21 22:23:24,611 - [ALARM DEBUG] Final alarm state: ON
2026-09-21 22:23:24,617 - [ALARM DEBUG] Calling ESP32 alarm_on()
2026-09-21 22:23:24,619 - [ALARM] PERSON detected -> BUZZER ON
2026-09-21 22:23:33,372 - [ALARM DEBUG] Final alarm state: OFF
2026-09-21 22:23:33,376 - [ALARM DEBUG] Calling ESP32 alarm_off()
2026-09-21 22:23:33,376 - [ALARM] No active alert -> BUZZER OFF
2026-09-21 22:23:34,300 - [ALARM DEBUG] PERSON: 1, NORMAL VEHICLE: 0, UNKNOWN VEHICLE: 0
2026-09-21 22:23:34,303 - [ALARM DEBUG] Final alarm state: ON
2026-09-21 22:23:34,304 - [ALARM DEBUG] Calling ESP32 alarm_on()
2026-09-21 22:23:34,304 - [ALARM] PERSON detected -> BUZZER ON
2026-09-21 22:23:54,776 - [ALARM DEBUG] Final alarm state: OFF
2026-09-21 22:23:54,776 - [ALARM DEBUG] Calling ESP32 alarm_off()
2026-09-21 22:23:54,777 - [ALARM] No active alert -> BUZZER OFF
2026-09-21 22:24:03,148 - [ALARM DEBUG] PERSON: 1, NORMAL VEHICLE: 0, UNKNOWN VEHICLE: 0
2026-09-21 22:24:03,149 - [ALARM DEBUG] Final alarm state: ON
2026-09-21 22:24:03,149 - [ALARM DEBUG] Calling ESP32 alarm_on()
2026-09-21 22:24:03,149 - [ALARM] PERSON detected -> BUZZER ON
2026-09-21 22:24:06,615 - [ALARM DEBUG] Final alarm state: OFF
2026-09-21 22:24:06,615 - [ALARM DEBUG] Calling ESP32 alarm_off()
2026-09-21 22:24:06,617 - [ALARM] No active alert -> BUZZER OFF
2026-09-21 22:24:56,475 - [ALARM DEBUG] PERSON: 2, NORMAL VEHICLE: 0, UNKNOWN VEHICLE: 0
2026-09-21 22:24:56,478 - [ALARM DEBUG] Final alarm state: ON
2026-09-21 22:24:56,496 - [ALARM DEBUG] Calling ESP32 alarm_on()
2026-09-21 22:24:56,511 - [ALARM] PERSON detected -> BUZZER ON
2026-09-21 22:25:30,562 - [ALARM DEBUG] Final alarm state: OFF
2026-09-21 22:25:30,563 - [ALARM DEBUG] Calling ESP32 alarm_off()
2026-09-21 22:25:30,564 - [ALARM] No active alert -> BUZZER OFF
2026-09-21 22:25:32,279 - [ALARM DEBUG] PERSON: 2, NORMAL VEHICLE: 0, UNKNOWN VEHICLE: 0
2026-09-21 22:25:32,280 - [ALARM DEBUG] Final alarm state: ON
2026-09-21 22:25:32,281 - [ALARM DEBUG] Calling ESP32 alarm_on()
2026-09-21 22:25:32,281 - [ALARM] PERSON detected -> BUZZER ON
2026-09-21 22:27:40,991 - [ALARM DEBUG] Final alarm state: OFF
2026-09-21 22:27:40,994 - [ALARM DEBUG] Calling ESP32 alarm_off()
2026-09-21 22:27:40,995 - [ALARM] No active alert -> BUZZER OFF
2026-09-21 22:27:55,940 - [ALARM DEBUG] PERSON: 1, NORMAL VEHICLE: 0, UNKNOWN VEHICLE: 0
2026-09-21 22:27:55,940 - [ALARM DEBUG] Final alarm state: ON
2026-09-21 22:27:55,940 - [ALARM DEBUG] Calling ESP32 alarm_on()
2026-09-21 22:27:55,941 - [ALARM] PERSON detected -> BUZZER ON
2026-09-21 22:27:59,862 - [ALARM DEBUG] Final alarm state: OFF
2026-09-21 22:27:59,862 - [ALARM DEBUG] Calling ESP32 alarm_off()
2026-09-21 22:27:59,862 - [ALARM] No active alert -> BUZZER OFF
2026-09-21 22:28:26,728 - [ALARM DEBUG] PERSON: 1, NORMAL VEHICLE: 0, UNKNOWN VEHICLE: 0
2026-09-21 22:28:26,728 - [ALARM DEBUG] Final alarm state: ON
2026-09-21 22:28:26,729 - [ALARM DEBUG] Calling ESP32 alarm_on()
2026-09-21 22:28:26,730 - [ALARM] PERSON detected -> BUZZER ON
2026-09-21 22:28:28,459 - [ALARM DEBUG] Final alarm state: OFF
2026-09-21 22:28:28,459 - [ALARM DEBUG] Calling ESP32 alarm_off()
2026-09-21 22:28:28,459 - [ALARM] No active alert -> BUZZER OFF
2026-09-21 22:28:29,908 - [ALARM DEBUG] PERSON: 1, NORMAL VEHICLE: 0, UNKNOWN VEHICLE: 0
2026-09-21 22:28:29,909 - [ALARM DEBUG] Final alarm state: ON
2026-09-21 22:28:29,909 - [ALARM DEBUG] Calling ESP32 alarm_on()
2026-09-21 22:28:29,909 - [ALARM] PERSON detected -> BUZZER ON
2026-09-21 22:28:35,989 - [ALARM DEBUG] Final alarm state: OFF
2026-09-21 22:28:35,989 - [ALARM DEBUG] Calling ESP32 alarm_off()
2026-09-21 22:28:35,990 - [ALARM] No active alert -> BUZZER OFF
2026-09-21 22:28:36,898 - [ALARM DEBUG] PERSON: 1, NORMAL VEHICLE: 0, UNKNOWN VEHICLE: 0
2026-09-21 22:28:36,900 - [ALARM DEBUG] Final alarm state: ON
2026-09-21 22:28:36,900 - [ALARM DEBUG] Calling ESP32 alarm_on()
2026-09-21 22:28:36,902 - [ALARM] PERSON detected -> BUZZER ON
2026-09-21 22:28:42,502 - [ALARM DEBUG] Final alarm state: OFF
2026-09-21 22:28:42,502 - [ALARM DEBUG] Calling ESP32 alarm_off()
2026-09-21 22:28:42,502 - [ALARM] No active alert -> BUZZER OFF
2026-09-21 22:30:08,541 - [ALARM DEBUG] PERSON: 1, NORMAL VEHICLE: 0, UNKNOWN VEHICLE: 0
2026-09-21 22:30:08,552 - [ALARM DEBUG] Final alarm state: ON
2026-09-21 22:30:08,554 - [ALARM DEBUG] Calling ESP32 alarm_on()
2026-09-21 22:30:08,556 - [ALARM] PERSON detected -> BUZZER ON
2026-09-21 22:30:09,336 - [ALARM DEBUG] Final alarm state: OFF
2026-09-21 22:30:09,336 - [ALARM DEBUG] Calling ESP32 alarm_off()
2026-09-21 22:30:09,337 - [ALARM] No active alert -> BUZZER OFF
2026-09-21 22:30:13,366 - [ALARM DEBUG] PERSON: 1, NORMAL VEHICLE: 0, UNKNOWN VEHICLE: 0
2026-09-21 22:30:13,368 - [ALARM DEBUG] Final alarm state: ON
2026-09-21 22:30:13,368 - [ALARM DEBUG] Calling ESP32 alarm_on()
2026-09-21 22:30:13,368 - [ALARM] PERSON detected -> BUZZER ON
2026-09-21 22:30:19,501 - [ALARM DEBUG] Final alarm state: OFF
2026-09-21 22:30:19,505 - [ALARM DEBUG] Calling ESP32 alarm_off()
2026-09-21 22:30:19,512 - [ALARM] No active alert -> BUZZER OFF
2026-09-21 22:30:22,750 - [ALARM DEBUG] PERSON: 1, NORMAL VEHICLE: 0, UNKNOWN VEHICLE: 0
2026-09-21 22:30:22,751 - [ALARM DEBUG] Final alarm state: ON
2026-09-21 22:30:22,751 - [ALARM DEBUG] Calling ESP32 alarm_on()
2026-09-21 22:30:22,752 - [ALARM] PERSON detected -> BUZZER ON
2026-09-21 22:30:25,759 - [ALARM DEBUG] Final alarm state: OFF
2026-09-21 22:30:25,760 - [ALARM DEBUG] Calling ESP32 alarm_off()
2026-09-21 22:30:25,760 - [ALARM] No active alert -> BUZZER OFF
2026-09-21 22:30:32,842 - [ALARM DEBUG] PERSON: 1, NORMAL VEHICLE: 0, UNKNOWN VEHICLE: 0
2026-09-21 22:30:32,844 - [ALARM DEBUG] Final alarm state: ON
2026-09-21 22:30:32,847 - [ALARM DEBUG] Calling ESP32 alarm_on()
2026-09-21 22:30:32,848 - [ALARM] PERSON detected -> BUZZER ON
2026-09-21 22:30:33,484 - [ALARM DEBUG] Final alarm state: OFF
2026-09-21 22:30:33,485 - [ALARM DEBUG] Calling ESP32 alarm_off()
2026-09-21 22:30:33,485 - [ALARM] No active alert -> BUZZER OFF
2026-09-21 22:31:00,485 - [ALARM DEBUG] PERSON: 1, NORMAL VEHICLE: 0, UNKNOWN VEHICLE: 0
2026-09-21 22:31:00,487 - [ALARM DEBUG] Final alarm state: ON
2026-09-21 22:31:00,487 - [ALARM DEBUG] Calling ESP32 alarm_on()
2026-09-21 22:31:00,487 - [ALARM] PERSON detected -> BUZZER ON
2026-09-21 22:34:08,438 - [ALARM][CAMERA] PERSON detected -> BUZZER ON for 10 seconds
2026-09-21 22:34:08,438 - [ALARM][CAMERA] 10-second alarm expired -> BUZZER OFF
2026-09-21 22:34:08,438 - [ALARM][CAMERA] NORMAL VEHICLE detected -> BUZZER ON for 10 seconds
2026-09-21 22:34:08,438 - [ALARM][CAMERA] 10-second alarm expired -> BUZZER OFF
2026-09-21 22:34:08,438 - [ALARM][CAMERA] UNKNOWN VEHICLE detected -> BUZZER ON for 10 seconds
2026-09-21 22:34:08,439 - [ALARM][CAMERA] 10-second alarm expired -> BUZZER OFF
2026-09-21 22:34:08,439 - [ALARM][CAMERA] MILITARY VEHICLE -> BUZZER OFF
2026-09-21 22:34:08,439 - [ALARM][SENSOR][PIR] Detection -> BUZZER ON for 5 seconds
2026-09-21 22:34:08,439 - [ALARM][SENSOR][IR] Detection -> BUZZER ON for 5 seconds
2026-09-21 22:34:08,439 - [ALARM][SENSOR] 5-second alarm expired -> BUZZER OFF
2026-09-21 22:34:08,439 - [ALARM][CAMERA] PERSON detected -> BUZZER ON for 10 seconds
2026-09-21 22:34:08,439 - [ALARM][SENSOR][PIR] Detection -> BUZZER ON for 5 seconds
2026-09-21 22:34:08,439 - [ALARM][CAMERA] 10-second alarm expired -> BUZZER OFF
2026-09-21 22:34:08,439 - [ALARM][SENSOR] 5-second alarm expired -> BUZZER OFF
2026-09-21 22:36:45,775 - [ALARM][SENSOR][PIR] Detection -> BUZZER ON for 5 seconds
2026-09-21 22:36:47,856 - Starting background VLM surveillance pipeline...
2026-09-21 22:36:50,962 - [ALARM][SENSOR] 5-second alarm expired -> BUZZER OFF
2026-09-21 22:37:34,065 - [ALARM][CAMERA] PERSON detected -> BUZZER ON for 10 seconds
2026-09-21 22:37:34,751 - [ALARM][CAMERA] PERSON detected -> BUZZER ON for 10 seconds
2026-09-21 22:37:41,392 - [ALARM][CAMERA] PERSON detected -> BUZZER ON for 10 seconds
2026-09-21 22:37:41,399 - [ALARM][CAMERA] PERSON detected -> BUZZER ON for 10 seconds
2026-09-21 22:37:51,795 - [ALARM][CAMERA] 10-second alarm expired -> BUZZER OFF
2026-09-21 22:37:57,883 - [ALARM][SENSOR][PIR] Detection -> BUZZER ON for 5 seconds
2026-09-21 22:38:03,057 - [ALARM][SENSOR] 5-second alarm expired -> BUZZER OFF
2026-09-21 22:38:10,214 - [ALARM][CAMERA] PERSON detected -> BUZZER ON for 10 seconds
2026-09-21 22:38:10,869 - [ALARM][CAMERA] PERSON detected -> BUZZER ON for 10 seconds
2026-09-21 22:38:20,966 - [ALARM][CAMERA] 10-second alarm expired -> BUZZER OFF
2026-09-21 22:38:25,371 - [ALARM][CAMERA] PERSON detected -> BUZZER ON for 10 seconds
2026-09-21 22:38:35,464 - [ALARM][CAMERA] 10-second alarm expired -> BUZZER OFF
2026-09-21 22:38:41,427 - [ALARM][CAMERA] PERSON detected -> BUZZER ON for 10 seconds
2026-09-21 22:38:51,521 - [ALARM][CAMERA] 10-second alarm expired -> BUZZER OFF
2026-09-21 22:39:43,641 - [ALARM][SENSOR][PIR] Detection -> BUZZER ON for 5 seconds
2026-09-21 22:39:48,641 - [ALARM][SENSOR] 5-second alarm expired -> BUZZER OFF
2026-09-21 22:40:23,678 - [ALARM][SENSOR][IR] Detection -> BUZZER ON for 5 seconds
2026-09-21 22:40:29,155 - [ALARM][SENSOR] 5-second alarm expired -> BUZZER OFF
2026-09-21 22:40:40,224 - [ALARM][CAMERA] UNKNOWN VEHICLE detected -> BUZZER ON for 10 seconds
2026-09-21 22:40:47,153 - [ALARM][CAMERA] UNKNOWN VEHICLE detected -> BUZZER ON for 10 seconds
2026-09-21 22:40:57,202 - [ALARM][CAMERA] 10-second alarm expired -> BUZZER OFF
2026-09-21 22:41:02,282 - [ALARM][SENSOR][PIR] Detection -> BUZZER ON for 5 seconds
2026-09-21 22:41:07,689 - [ALARM][SENSOR] 5-second alarm expired -> BUZZER OFF
2026-09-21 22:41:55,938 - [ALARM][SENSOR][PIR] Detection -> BUZZER ON for 5 seconds
2026-09-21 22:41:58,006 - [ALARM][CAMERA] PERSON detected -> BUZZER ON for 10 seconds
2026-09-21 22:42:01,262 - [ALARM][SENSOR] 5-second alarm expired -> BUZZER OFF
2026-09-21 22:42:08,268 - [ALARM][CAMERA] 10-second alarm expired -> BUZZER OFF
2026-09-21 22:42:19,088 - [ALARM][CAMERA] PERSON detected -> BUZZER ON for 10 seconds
2026-09-21 22:42:28,584 - [ALARM][SENSOR][PIR] Detection -> BUZZER ON for 5 seconds
2026-09-21 22:42:29,265 - [ALARM][CAMERA] 10-second alarm expired -> BUZZER OFF
2026-09-21 22:42:33,759 - [ALARM][SENSOR] 5-second alarm expired -> BUZZER OFF
2026-09-21 22:43:19,907 - [ALARM][SENSOR][IR] Detection -> BUZZER ON for 5 seconds
2026-09-21 22:43:25,258 - [ALARM][SENSOR] 5-second alarm expired -> BUZZER OFF
2026-09-21 22:43:46,294 - [ALARM][SENSOR][PIR] Detection -> BUZZER ON for 5 seconds
2026-09-21 22:43:51,757 - [ALARM][SENSOR] 5-second alarm expired -> BUZZER OFF
2026-09-21 22:45:08,526 - [ALARM][SENSOR][PIR] Detection -> BUZZER ON for 5 seconds
2026-09-21 22:45:13,893 - [ALARM][SENSOR] 5-second alarm expired -> BUZZER OFF
2026-09-21 22:45:37,844 - [ALARM][SENSOR][PIR] Detection -> BUZZER ON for 5 seconds
2026-09-21 22:45:42,945 - [ALARM][SENSOR] 5-second alarm expired -> BUZZER OFF
2026-09-21 22:47:55,090 - [ALARM][SENSOR][PIR] Detection -> BUZZER ON for 5 seconds
2026-09-21 22:48:00,511 - [ALARM][SENSOR] 5-second alarm expired -> BUZZER OFF
2026-09-21 22:52:03,965 - [ALARM][CAMERA] PERSON detected -> BUZZER ON for 10 seconds
2026-09-21 22:52:08,658 - [ALARM][CAMERA] PERSON detected -> BUZZER ON for 10 seconds
2026-09-21 22:52:18,816 - [ALARM][CAMERA] 10-second alarm expired -> BUZZER OFF
2026-09-21 22:52:22,248 - [ALARM][CAMERA] PERSON detected -> BUZZER ON for 10 seconds
2026-09-21 22:52:32,340 - [ALARM][CAMERA] 10-second alarm expired -> BUZZER OFF
2026-09-21 22:52:38,028 - [ALARM][CAMERA] PERSON detected -> BUZZER ON for 10 seconds
2026-09-21 22:52:48,336 - [ALARM][CAMERA] 10-second alarm expired -> BUZZER OFF
2026-09-21 22:54:13,810 - [ALARM][CAMERA] PERSON detected -> BUZZER ON for 10 seconds
2026-09-21 22:54:23,928 - [ALARM][CAMERA] 10-second alarm expired -> BUZZER OFF
2026-09-21 22:54:31,310 - [ALARM][SENSOR][PIR] Detection -> BUZZER ON for 5 seconds
2026-09-21 22:54:36,428 - [ALARM][SENSOR] 5-second alarm expired -> BUZZER OFF
2026-09-21 22:54:48,149 - [ALARM][SENSOR][PIR] Detection -> BUZZER ON for 5 seconds
2026-09-21 22:54:48,360 - [ALARM][CAMERA] PERSON detected -> BUZZER ON for 10 seconds
2026-09-21 22:54:52,947 - [ALARM][CAMERA] PERSON detected -> BUZZER ON for 10 seconds
2026-09-21 22:54:53,534 - [ALARM][SENSOR] 5-second alarm expired -> BUZZER OFF
2026-09-21 22:55:03,058 - [ALARM][CAMERA] 10-second alarm expired -> BUZZER OFF
2026-09-21 22:55:32,699 - [ALARM][SENSOR][IR] Detection -> BUZZER ON for 5 seconds
2026-09-21 22:55:38,141 - [ALARM][SENSOR] 5-second alarm expired -> BUZZER OFF
2026-09-21 22:56:06,357 - [ALARM][CAMERA] PERSON detected -> BUZZER ON for 10 seconds
2026-09-21 22:56:16,685 - [ALARM][CAMERA] 10-second alarm expired -> BUZZER OFF
2026-09-21 22:56:33,322 - [ALARM][SENSOR][PIR] Detection -> BUZZER ON for 5 seconds
2026-09-21 22:56:38,696 - [ALARM][SENSOR] 5-second alarm expired -> BUZZER OFF
2026-09-21 22:58:19,611 - [ALARM][SENSOR][PIR] Detection -> BUZZER ON for 5 seconds
2026-09-21 22:58:24,757 - [ALARM][SENSOR] 5-second alarm expired -> BUZZER OFF
2026-09-21 23:00:03,266 - [ALARM][SENSOR][PIR] Detection -> BUZZER ON for 5 seconds
2026-09-21 23:00:08,352 - [ALARM][SENSOR] 5-second alarm expired -> BUZZER OFF
2026-09-21 23:02:17,556 - [ALARM][SENSOR][PIR] Detection -> BUZZER ON for 5 seconds
2026-09-21 23:02:22,886 - [ALARM][SENSOR] 5-second alarm expired -> BUZZER OFF
2026-09-21 23:03:25,227 - [ALARM][SENSOR][PIR] Detection -> BUZZER ON for 5 seconds
2026-09-21 23:03:30,438 - [ALARM][SENSOR] 5-second alarm expired -> BUZZER OFF
2026-09-21 23:04:00,574 - [ALARM][SENSOR][PIR] Detection -> BUZZER ON for 5 seconds
2026-09-21 23:04:05,936 - [ALARM][SENSOR] 5-second alarm expired -> BUZZER OFF
2026-09-21 23:05:02,916 - [ALARM][SENSOR][IR] Detection -> BUZZER ON for 5 seconds
2026-09-21 23:05:07,956 - [ALARM][SENSOR] 5-second alarm expired -> BUZZER OFF
2026-09-21 23:05:46,058 - [ALARM][SENSOR][PIR] Detection -> BUZZER ON for 5 seconds
2026-09-21 23:05:51,059 - [ALARM][SENSOR] 5-second alarm expired -> BUZZER OFF
2026-09-21 23:06:05,107 - [ALARM][SENSOR][PIR] Detection -> BUZZER ON for 5 seconds
2026-09-21 23:06:10,580 - [ALARM][SENSOR] 5-second alarm expired -> BUZZER OFF
2026-09-21 23:07:33,467 - [ALARM][SENSOR][PIR] Detection -> BUZZER ON for 5 seconds
2026-09-21 23:07:38,678 - [ALARM][SENSOR] 5-second alarm expired -> BUZZER OFF
2026-09-21 23:07:50,565 - [ALARM][CAMERA] PERSON detected -> BUZZER ON for 10 seconds
2026-09-21 23:07:56,193 - [ALARM][CAMERA] PERSON detected -> BUZZER ON for 10 seconds
2026-09-21 23:07:57,514 - [ALARM][CAMERA] PERSON detected -> BUZZER ON for 10 seconds
2026-09-21 23:07:59,380 - [ALARM][CAMERA] PERSON detected -> BUZZER ON for 10 seconds
2026-09-21 23:08:02,148 - [ALARM][CAMERA] PERSON detected -> BUZZER ON for 10 seconds
2026-09-21 23:08:07,116 - [ALARM][CAMERA] PERSON detected -> BUZZER ON for 10 seconds
2026-09-21 23:08:09,114 - [ALARM][CAMERA] PERSON detected -> BUZZER ON for 10 seconds
2026-09-21 23:08:10,176 - [ALARM][CAMERA] PERSON detected -> BUZZER ON for 10 seconds
2026-09-21 23:08:12,566 - [ALARM][CAMERA] PERSON detected -> BUZZER ON for 10 seconds
2026-09-21 23:08:15,487 - [ALARM][CAMERA] PERSON detected -> BUZZER ON for 10 seconds
2026-09-21 23:08:15,488 - [ALARM][CAMERA] PERSON detected -> BUZZER ON for 10 seconds
2026-09-21 23:08:20,557 - [ALARM][CAMERA] PERSON detected -> BUZZER ON for 10 seconds
2026-09-21 23:08:21,639 - [ALARM][CAMERA] PERSON detected -> BUZZER ON for 10 seconds
2026-09-21 23:08:31,151 - [ALARM][CAMERA] PERSON detected -> BUZZER ON for 10 seconds
2026-09-21 23:08:32,789 - [ALARM][CAMERA] PERSON detected -> BUZZER ON for 10 seconds
2026-09-21 23:08:35,118 - [ALARM][CAMERA] PERSON detected -> BUZZER ON for 10 seconds
2026-09-21 23:08:35,779 - [ALARM][CAMERA] PERSON detected -> BUZZER ON for 10 seconds
2026-09-21 23:08:37,283 - [ALARM][CAMERA] PERSON detected -> BUZZER ON for 10 seconds
2026-09-21 23:08:37,851 - [ALARM][CAMERA] PERSON detected -> BUZZER ON for 10 seconds
2026-09-21 23:08:42,183 - [ALARM][CAMERA] PERSON detected -> BUZZER ON for 10 seconds
2026-09-21 23:08:42,183 - [ALARM][CAMERA] PERSON detected -> BUZZER ON for 10 seconds
2026-09-21 23:08:43,134 - [ALARM][CAMERA] PERSON detected -> BUZZER ON for 10 seconds
2026-09-21 23:08:43,135 - [ALARM][CAMERA] PERSON detected -> BUZZER ON for 10 seconds
2026-09-21 23:08:45,411 - [ALARM][CAMERA] PERSON detected -> BUZZER ON for 10 seconds
2026-09-21 23:08:48,115 - [ALARM][CAMERA] PERSON detected -> BUZZER ON for 10 seconds
2026-09-21 23:08:58,550 - [ALARM][CAMERA] 10-second alarm expired -> BUZZER OFF
2026-09-21 23:09:00,791 - [ALARM][CAMERA] PERSON detected -> BUZZER ON for 10 seconds
2026-09-21 23:09:02,270 - [ALARM][CAMERA] PERSON detected -> BUZZER ON for 10 seconds
2026-09-21 23:09:05,407 - [ALARM][CAMERA] PERSON detected -> BUZZER ON for 10 seconds
2026-09-21 23:09:09,672 - [ALARM][CAMERA] PERSON detected -> BUZZER ON for 10 seconds
2026-09-21 23:09:09,673 - [ALARM][CAMERA] PERSON detected -> BUZZER ON for 10 seconds
2026-09-21 23:09:12,631 - [ALARM][CAMERA] PERSON detected -> BUZZER ON for 10 seconds
2026-09-21 23:09:17,621 - [ALARM][CAMERA] PERSON detected -> BUZZER ON for 10 seconds
2026-09-21 23:09:17,622 - [ALARM][CAMERA] PERSON detected -> BUZZER ON for 10 seconds
2026-09-21 23:09:19,289 - [ALARM][SENSOR][PIR] Detection -> BUZZER ON for 5 seconds
2026-09-21 23:09:20,762 - [ALARM][CAMERA] PERSON detected -> BUZZER ON for 10 seconds
2026-09-21 23:09:24,577 - [ALARM][SENSOR] 5-second alarm expired -> BUZZER OFF
2026-09-21 23:09:24,834 - [ALARM][CAMERA] PERSON detected -> BUZZER ON for 10 seconds
2026-09-21 23:09:26,123 - [ALARM][CAMERA] PERSON detected -> BUZZER ON for 10 seconds
2026-09-21 23:09:27,071 - [ALARM][CAMERA] PERSON detected -> BUZZER ON for 10 seconds
2026-09-21 23:09:28,970 - [ALARM][CAMERA] PERSON detected -> BUZZER ON for 10 seconds
2026-09-21 23:09:37,636 - [ALARM][CAMERA] PERSON detected -> BUZZER ON for 10 seconds
2026-09-21 23:09:37,636 - [ALARM][CAMERA] PERSON detected -> BUZZER ON for 10 seconds
2026-09-21 23:09:41,834 - [ALARM][CAMERA] PERSON detected -> BUZZER ON for 10 seconds
2026-09-21 23:09:44,152 - [ALARM][CAMERA] PERSON detected -> BUZZER ON for 10 seconds
2026-09-21 23:09:45,765 - [ALARM][CAMERA] PERSON detected -> BUZZER ON for 10 seconds
2026-09-21 23:09:47,082 - [ALARM][CAMERA] PERSON detected -> BUZZER ON for 10 seconds
2026-09-21 23:09:57,093 - [ALARM][CAMERA] 10-second alarm expired -> BUZZER OFF
2026-09-21 23:09:59,725 - [ALARM][CAMERA] PERSON detected -> BUZZER ON for 10 seconds
2026-09-21 23:10:10,090 - [ALARM][CAMERA] 10-second alarm expired -> BUZZER OFF
2026-09-21 23:10:14,121 - [ALARM][CAMERA] PERSON detected -> BUZZER ON for 10 seconds
2026-09-21 23:10:20,353 - [ALARM][CAMERA] PERSON detected -> BUZZER ON for 10 seconds
2026-09-21 23:10:24,351 - [ALARM][CAMERA] PERSON detected -> BUZZER ON for 10 seconds
2026-09-21 23:10:33,455 - [ALARM][CAMERA] PERSON detected -> BUZZER ON for 10 seconds
2026-09-21 23:10:43,591 - [ALARM][CAMERA] 10-second alarm expired -> BUZZER OFF
2026-09-21 23:11:01,829 - [ALARM][CAMERA] PERSON detected -> BUZZER ON for 10 seconds
2026-09-21 23:11:04,488 - [ALARM][SENSOR][PIR] Detection -> BUZZER ON for 5 seconds
2026-09-21 23:11:09,925 - [ALARM][SENSOR] 5-second alarm expired -> BUZZER OFF
2026-09-21 23:11:11,955 - [ALARM][CAMERA] 10-second alarm expired -> BUZZER OFF
2026-09-21 23:11:41,782 - [ALARM][CAMERA] PERSON detected -> BUZZER ON for 10 seconds
2026-09-21 23:11:43,947 - [ALARM][CAMERA] PERSON detected -> BUZZER ON for 10 seconds
2026-09-21 23:11:53,966 - [ALARM][CAMERA] 10-second alarm expired -> BUZZER OFF
2026-09-21 23:11:55,256 - [ALARM][CAMERA] PERSON detected -> BUZZER ON for 10 seconds
2026-09-21 23:12:02,260 - [ALARM][CAMERA] PERSON detected -> BUZZER ON for 10 seconds
2026-09-21 23:12:12,481 - [ALARM][CAMERA] 10-second alarm expired -> BUZZER OFF
2026-09-21 23:13:00,157 - [ALARM][SENSOR][PIR] Detection -> BUZZER ON for 5 seconds
2026-09-21 23:13:05,503 - [ALARM][SENSOR] 5-second alarm expired -> BUZZER OFF
2026-09-21 23:13:15,928 - [ALARM][CAMERA] PERSON detected -> BUZZER ON for 10 seconds
2026-09-21 23:13:26,004 - [ALARM][CAMERA] 10-second alarm expired -> BUZZER OFF
2026-09-21 23:13:35,829 - [ALARM][CAMERA] PERSON detected -> BUZZER ON for 10 seconds
2026-09-21 23:13:38,498 - [ALARM][CAMERA] PERSON detected -> BUZZER ON for 10 seconds
2026-09-21 23:13:42,016 - [ALARM][CAMERA] PERSON detected -> BUZZER ON for 10 seconds
2026-09-21 23:13:47,053 - [ALARM][CAMERA] PERSON detected -> BUZZER ON for 10 seconds
2026-09-21 23:13:57,527 - [ALARM][CAMERA] 10-second alarm expired -> BUZZER OFF
2026-09-21 23:14:06,417 - [ALARM][CAMERA] PERSON detected -> BUZZER ON for 10 seconds
2026-09-21 23:14:16,562 - [ALARM][CAMERA] 10-second alarm expired -> BUZZER OFF
2026-09-21 23:14:28,560 - [ALARM][SENSOR][PIR] Detection -> BUZZER ON for 5 seconds
2026-09-21 23:14:34,064 - [ALARM][SENSOR] 5-second alarm expired -> BUZZER OFF
2026-09-21 23:14:44,513 - [ALARM][SENSOR][PIR] Detection -> BUZZER ON for 5 seconds
2026-09-21 23:14:49,572 - [ALARM][SENSOR] 5-second alarm expired -> BUZZER OFF
2026-09-21 23:15:21,163 - [ALARM][CAMERA] PERSON detected -> BUZZER ON for 10 seconds
2026-09-21 23:15:31,185 - [ALARM][CAMERA] 10-second alarm expired -> BUZZER OFF
2026-09-21 23:15:53,467 - [ALARM][CAMERA] PERSON detected -> BUZZER ON for 10 seconds
2026-09-21 23:16:03,764 - [ALARM][CAMERA] 10-second alarm expired -> BUZZER OFF
2026-09-21 23:16:24,623 - [ALARM][CAMERA] PERSON detected -> BUZZER ON for 10 seconds
2026-09-21 23:16:34,758 - [ALARM][CAMERA] 10-second alarm expired -> BUZZER OFF
2026-09-21 23:17:36,908 - [ALARM][CAMERA] PERSON detected -> BUZZER ON for 10 seconds
2026-09-21 23:17:45,631 - [ALARM][CAMERA] PERSON detected -> BUZZER ON for 10 seconds
2026-09-21 23:17:50,914 - [ALARM][CAMERA] PERSON detected -> BUZZER ON for 10 seconds
2026-09-21 23:17:52,135 - [ALARM][SENSOR][PIR] Detection -> BUZZER ON for 5 seconds
2026-09-21 23:17:57,260 - [ALARM][SENSOR] 5-second alarm expired -> BUZZER OFF
2026-09-21 23:17:59,866 - [ALARM][CAMERA] PERSON detected -> BUZZER ON for 10 seconds
2026-09-21 23:18:02,362 - [ALARM][CAMERA] PERSON detected -> BUZZER ON for 10 seconds
2026-09-21 23:18:12,764 - [ALARM][CAMERA] 10-second alarm expired -> BUZZER OFF
2026-09-21 23:18:20,752 - [ALARM][SENSOR][PIR] Detection -> BUZZER ON for 5 seconds
2026-09-21 23:18:25,768 - [ALARM][SENSOR] 5-second alarm expired -> BUZZER OFF
2026-09-21 23:18:57,006 - [ALARM][CAMERA] PERSON detected -> BUZZER ON for 10 seconds
2026-09-21 23:18:58,721 - [ALARM][CAMERA] PERSON detected -> BUZZER ON for 10 seconds
2026-09-21 23:19:01,599 - [ALARM][CAMERA] PERSON detected -> BUZZER ON for 10 seconds
2026-09-21 23:19:11,763 - [ALARM][CAMERA] 10-second alarm expired -> BUZZER OFF
2026-09-21 23:19:13,637 - [ALARM][CAMERA] PERSON detected -> BUZZER ON for 10 seconds
2026-09-21 23:19:23,777 - [ALARM][CAMERA] 10-second alarm expired -> BUZZER OFF
2026-09-21 23:19:37,261 - [ALARM][CAMERA] PERSON detected -> BUZZER ON for 10 seconds
2026-09-21 23:19:43,335 - [ALARM][CAMERA] PERSON detected -> BUZZER ON for 10 seconds
2026-09-21 23:19:53,776 - [ALARM][CAMERA] 10-second alarm expired -> BUZZER OFF
2026-09-21 23:20:17,809 - [ALARM][SENSOR][PIR] Detection -> BUZZER ON for 5 seconds
2026-09-21 23:20:22,851 - [ALARM][SENSOR] 5-second alarm expired -> BUZZER OFF
2026-09-21 23:20:34,681 - [ALARM][CAMERA] PERSON detected -> BUZZER ON for 10 seconds
2026-09-21 23:20:44,924 - [ALARM][CAMERA] 10-second alarm expired -> BUZZER OFF
2026-09-21 23:22:08,067 - [ALARM][SENSOR][PIR] Detection -> BUZZER ON for 5 seconds
2026-09-21 23:22:13,153 - [ALARM][SENSOR] 5-second alarm expired -> BUZZER OFF
2026-09-21 23:23:06,732 - [ALARM][CAMERA] PERSON detected -> BUZZER ON for 10 seconds
2026-09-21 23:23:10,424 - [ALARM][CAMERA] PERSON detected -> BUZZER ON for 10 seconds
2026-09-21 23:23:11,519 - [ALARM][CAMERA] PERSON detected -> BUZZER ON for 10 seconds
2026-09-21 23:23:21,878 - [ALARM][CAMERA] 10-second alarm expired -> BUZZER OFF
2026-09-21 23:24:57,617 - [ALARM][CAMERA] PERSON detected -> BUZZER ON for 10 seconds
2026-09-21 23:24:57,617 - [ALARM][CAMERA] PERSON detected -> BUZZER ON for 10 seconds
2026-09-21 23:25:07,939 - [ALARM][CAMERA] 10-second alarm expired -> BUZZER OFF
2026-09-21 23:25:39,039 - [ALARM][SENSOR][PIR] Detection -> BUZZER ON for 5 seconds
2026-09-21 23:25:44,462 - [ALARM][SENSOR] 5-second alarm expired -> BUZZER OFF
2026-09-21 23:26:23,166 - [ALARM][CAMERA] PERSON detected -> BUZZER ON for 10 seconds
2026-09-21 23:26:33,476 - [ALARM][CAMERA] 10-second alarm expired -> BUZZER OFF
2026-09-21 23:26:38,515 - [ALARM][CAMERA] PERSON detected -> BUZZER ON for 10 seconds
2026-09-21 23:26:48,968 - [ALARM][CAMERA] 10-second alarm expired -> BUZZER OFF
2026-09-21 23:26:51,318 - [ALARM][CAMERA] PERSON detected -> BUZZER ON for 10 seconds
2026-09-21 23:27:01,503 - [ALARM][CAMERA] 10-second alarm expired -> BUZZER OFF
2026-09-21 23:39:33,585 - [ALARM][SENSOR][PIR] Detection -> BUZZER ON for 5 seconds
2026-09-21 23:39:38,883 - [ALARM][SENSOR] 5-second alarm expired -> BUZZER OFF
2026-09-21 23:42:36,876 - [ALARM][SENSOR][PIR] Detection -> BUZZER ON for 5 seconds
2026-09-21 23:42:41,953 - [ALARM][SENSOR] 5-second alarm expired -> BUZZER OFF
2026-09-21 23:45:10,382 - [ALARM][SENSOR][PIR] Detection -> BUZZER ON for 5 seconds
2026-09-21 23:45:15,471 - [ALARM][SENSOR] 5-second alarm expired -> BUZZER OFF
2026-09-21 23:48:14,229 - [ALARM][SENSOR][PIR] Detection -> BUZZER ON for 5 seconds
2026-09-21 23:48:19,512 - [ALARM][SENSOR] 5-second alarm expired -> BUZZER OFF
2026-09-21 23:50:40,429 - [ALARM][SENSOR][PIR] Detection -> BUZZER ON for 5 seconds
2026-09-21 23:50:45,609 - [ALARM][SENSOR] 5-second alarm expired -> BUZZER OFF
2026-09-21 23:54:19,518 - [ALARM][SENSOR][PIR] Detection -> BUZZER ON for 5 seconds
2026-09-21 23:54:24,630 - [ALARM][SENSOR] 5-second alarm expired -> BUZZER OFF
2026-09-21 23:56:22,024 - [ALARM][SENSOR][PIR] Detection -> BUZZER ON for 5 seconds
2026-09-21 23:56:27,178 - [ALARM][SENSOR] 5-second alarm expired -> BUZZER OFF
2026-09-21 23:58:57,501 - [ALARM][SENSOR][PIR] Detection -> BUZZER ON for 5 seconds
2026-09-21 23:59:02,754 - [ALARM][SENSOR] 5-second alarm expired -> BUZZER OFF
2026-09-22 00:04:26,617 - [ALARM][SENSOR][PIR] Detection -> BUZZER ON for 5 seconds
2026-09-22 00:04:31,843 - [ALARM][SENSOR] 5-second alarm expired -> BUZZER OFF
2026-09-22 00:07:57,642 - [ALARM][SENSOR][PIR] Detection -> BUZZER ON for 5 seconds
2026-09-22 00:08:02,895 - [ALARM][SENSOR] 5-second alarm expired -> BUZZER OFF
2026-09-22 00:09:44,692 - [ALARM][SENSOR][PIR] Detection -> BUZZER ON for 5 seconds
2026-09-22 00:09:49,886 - [ALARM][SENSOR] 5-second alarm expired -> BUZZER OFF
2026-09-22 00:09:54,048 - [ALARM][SENSOR][IR] Detection -> BUZZER ON for 5 seconds
2026-09-22 00:09:59,408 - [ALARM][SENSOR] 5-second alarm expired -> BUZZER OFF
2026-09-22 00:11:24,036 - [ALARM][SENSOR][IR] Detection -> BUZZER ON for 5 seconds
2026-09-22 00:11:29,382 - [ALARM][SENSOR] 5-second alarm expired -> BUZZER OFF
2026-09-22 00:11:30,238 - [ALARM][SENSOR][PIR] Detection -> BUZZER ON for 5 seconds
2026-09-22 00:11:30,238 - [ALARM][SENSOR][IR] Detection -> BUZZER ON for 5 seconds
2026-09-22 00:11:35,383 - [ALARM][SENSOR] 5-second alarm expired -> BUZZER OFF
2026-09-22 00:11:59,648 - [ALARM][SENSOR][IR] Detection -> BUZZER ON for 5 seconds
2026-09-22 00:12:04,883 - [ALARM][SENSOR] 5-second alarm expired -> BUZZER OFF
2026-09-22 00:12:05,877 - [ALARM][SENSOR][IR] Detection -> BUZZER ON for 5 seconds
2026-09-22 00:12:10,882 - [ALARM][SENSOR] 5-second alarm expired -> BUZZER OFF
2026-09-22 00:12:12,080 - [ALARM][SENSOR][IR] Detection -> BUZZER ON for 5 seconds
2026-09-22 00:12:17,391 - [ALARM][SENSOR] 5-second alarm expired -> BUZZER OFF
2026-09-22 00:12:40,320 - [ALARM][SENSOR][IR] Detection -> BUZZER ON for 5 seconds
2026-09-22 00:12:45,445 - [ALARM][SENSOR] 5-second alarm expired -> BUZZER OFF
2026-09-22 00:12:49,664 - [ALARM][SENSOR][IR] Detection -> BUZZER ON for 5 seconds
2026-09-22 00:12:54,927 - [ALARM][SENSOR] 5-second alarm expired -> BUZZER OFF
2026-09-22 00:13:08,495 - [ALARM][SENSOR][IR] Detection -> BUZZER ON for 5 seconds
2026-09-22 00:13:13,932 - [ALARM][SENSOR] 5-second alarm expired -> BUZZER OFF
2026-09-22 00:13:18,908 - [ALARM][SENSOR][PIR] Detection -> BUZZER ON for 5 seconds
2026-09-22 00:13:23,930 - [ALARM][SENSOR] 5-second alarm expired -> BUZZER OFF
2026-09-22 00:13:34,455 - [ALARM][SENSOR][IR] Detection -> BUZZER ON for 5 seconds
2026-09-22 00:13:39,514 - [ALARM][SENSOR] 5-second alarm expired -> BUZZER OFF
2026-09-22 00:13:40,710 - [ALARM][SENSOR][IR] Detection -> BUZZER ON for 5 seconds
2026-09-22 00:13:46,006 - [ALARM][SENSOR] 5-second alarm expired -> BUZZER OFF
2026-09-22 00:13:53,305 - [ALARM][SENSOR][IR] Detection -> BUZZER ON for 5 seconds
2026-09-22 00:13:58,523 - [ALARM][SENSOR] 5-second alarm expired -> BUZZER OFF
2026-09-22 00:13:59,642 - [ALARM][SENSOR][IR] Detection -> BUZZER ON for 5 seconds
2026-09-22 00:14:05,003 - [ALARM][SENSOR] 5-second alarm expired -> BUZZER OFF
2026-09-22 00:14:05,911 - [ALARM][SENSOR][IR] Detection -> BUZZER ON for 5 seconds
2026-09-22 00:14:11,007 - [ALARM][SENSOR] 5-second alarm expired -> BUZZER OFF
2026-09-22 00:14:15,250 - [ALARM][SENSOR][IR] Detection -> BUZZER ON for 5 seconds
2026-09-22 00:14:20,504 - [ALARM][SENSOR] 5-second alarm expired -> BUZZER OFF
2026-09-22 00:14:24,735 - [ALARM][SENSOR][IR] Detection -> BUZZER ON for 5 seconds
2026-09-22 00:14:30,018 - [ALARM][SENSOR] 5-second alarm expired -> BUZZER OFF
2026-09-22 00:15:22,136 - [ALARM][SENSOR][PIR] Detection -> BUZZER ON for 5 seconds
2026-09-22 00:15:27,554 - [ALARM][SENSOR] 5-second alarm expired -> BUZZER OFF
2026-09-22 00:17:09,809 - [ALARM][SENSOR][PIR] Detection -> BUZZER ON for 5 seconds
2026-09-22 00:17:15,061 - [ALARM][SENSOR] 5-second alarm expired -> BUZZER OFF
2026-09-22 00:18:53,134 - [ALARM][SENSOR][PIR] Detection -> BUZZER ON for 5 seconds
2026-09-22 00:18:58,158 - [ALARM][SENSOR] 5-second alarm expired -> BUZZER OFF
2026-09-22 00:20:09,421 - [ALARM][SENSOR][PIR] Detection -> BUZZER ON for 5 seconds
2026-09-22 00:20:14,634 - [ALARM][SENSOR] 5-second alarm expired -> BUZZER OFF
2026-09-22 00:20:40,497 - [ALARM][SENSOR][PIR] Detection -> BUZZER ON for 5 seconds
2026-09-22 00:20:45,632 - [ALARM][SENSOR] 5-second alarm expired -> BUZZER OFF
2026-09-22 00:22:27,947 - [ALARM][SENSOR][PIR] Detection -> BUZZER ON for 5 seconds
2026-09-22 00:22:33,199 - [ALARM][SENSOR] 5-second alarm expired -> BUZZER OFF
2026-09-22 00:24:16,813 - [ALARM][SENSOR][PIR] Detection -> BUZZER ON for 5 seconds
2026-09-22 00:24:22,207 - [ALARM][SENSOR] 5-second alarm expired -> BUZZER OFF
2026-09-22 00:25:59,211 - [ALARM][SENSOR][PIR] Detection -> BUZZER ON for 5 seconds
2026-09-22 00:26:04,217 - [ALARM][SENSOR] 5-second alarm expired -> BUZZER OFF
2026-09-22 00:27:49,443 - [ALARM][SENSOR][PIR] Detection -> BUZZER ON for 5 seconds
2026-09-22 00:27:54,809 - [ALARM][SENSOR] 5-second alarm expired -> BUZZER OFF
2026-09-22 00:30:41,251 - [ALARM][SENSOR][PIR] Detection -> BUZZER ON for 5 seconds
2026-09-22 00:30:46,346 - [ALARM][SENSOR] 5-second alarm expired -> BUZZER OFF
2026-09-22 00:32:27,516 - [ALARM][SENSOR][PIR] Detection -> BUZZER ON for 5 seconds
2026-09-22 00:32:32,862 - [ALARM][SENSOR] 5-second alarm expired -> BUZZER OFF
2026-09-22 00:34:13,827 - [ALARM][SENSOR][PIR] Detection -> BUZZER ON for 5 seconds
2026-09-22 00:34:18,980 - [ALARM][SENSOR] 5-second alarm expired -> BUZZER OFF
2026-09-22 00:37:08,400 - [ALARM][SENSOR][PIR] Detection -> BUZZER ON for 5 seconds
2026-09-22 00:37:13,559 - [ALARM][SENSOR] 5-second alarm expired -> BUZZER OFF
2026-09-22 00:38:49,517 - [ALARM][SENSOR][PIR] Detection -> BUZZER ON for 5 seconds
2026-09-22 00:38:54,609 - [ALARM][SENSOR] 5-second alarm expired -> BUZZER OFF
2026-09-22 00:41:47,881 - [ALARM][SENSOR][PIR] Detection -> BUZZER ON for 5 seconds
2026-09-22 00:41:53,197 - [ALARM][SENSOR] 5-second alarm expired -> BUZZER OFF
2026-09-22 00:45:01,002 - [ALARM][SENSOR][PIR] Detection -> BUZZER ON for 5 seconds
2026-09-22 00:45:06,322 - [ALARM][SENSOR] 5-second alarm expired -> BUZZER OFF
2026-09-22 00:49:00,927 - [ALARM][SENSOR][PIR] Detection -> BUZZER ON for 5 seconds
2026-09-22 00:49:06,337 - [ALARM][SENSOR] 5-second alarm expired -> BUZZER OFF
2026-09-22 00:51:07,367 - [ALARM][SENSOR][PIR] Detection -> BUZZER ON for 5 seconds
2026-09-22 00:51:12,404 - [ALARM][SENSOR] 5-second alarm expired -> BUZZER OFF
2026-09-22 00:53:33,559 - [ALARM][SENSOR][PIR] Detection -> BUZZER ON for 5 seconds
2026-09-22 00:53:38,567 - [ALARM][SENSOR] 5-second alarm expired -> BUZZER OFF
2026-09-22 00:55:51,282 - [ALARM][SENSOR][PIR] Detection -> BUZZER ON for 5 seconds
2026-09-22 00:55:56,641 - [ALARM][SENSOR] 5-second alarm expired -> BUZZER OFF
2026-09-22 00:58:13,477 - [ALARM][SENSOR][PIR] Detection -> BUZZER ON for 5 seconds
2026-09-22 00:58:18,639 - [ALARM][SENSOR] 5-second alarm expired -> BUZZER OFF
2026-09-22 01:00:16,062 - [ALARM][SENSOR][PIR] Detection -> BUZZER ON for 5 seconds
2026-09-22 01:00:21,197 - [ALARM][SENSOR] 5-second alarm expired -> BUZZER OFF
2026-09-22 01:02:52,299 - [ALARM][SENSOR][PIR] Detection -> BUZZER ON for 5 seconds
2026-09-22 01:02:57,719 - [ALARM][SENSOR] 5-second alarm expired -> BUZZER OFF
2026-09-22 01:03:23,940 - [ALARM][SENSOR][PIR] Detection -> BUZZER ON for 5 seconds
2026-09-22 01:03:29,218 - [ALARM][SENSOR] 5-second alarm expired -> BUZZER OFF
2026-09-22 01:05:19,029 - [ALARM][SENSOR][PIR] Detection -> BUZZER ON for 5 seconds
2026-09-22 01:05:24,267 - [ALARM][SENSOR] 5-second alarm expired -> BUZZER OFF
2026-09-22 01:07:02,936 - [ALARM][SENSOR][PIR] Detection -> BUZZER ON for 5 seconds
2026-09-22 01:07:08,304 - [ALARM][SENSOR] 5-second alarm expired -> BUZZER OFF
2026-09-22 01:12:12,555 - [ALARM][SENSOR][PIR] Detection -> BUZZER ON for 5 seconds
2026-09-22 01:12:17,948 - [ALARM][SENSOR] 5-second alarm expired -> BUZZER OFF
2026-09-22 01:15:53,647 - [ALARM][SENSOR][PIR] Detection -> BUZZER ON for 5 seconds
2026-09-22 01:15:59,031 - [ALARM][SENSOR] 5-second alarm expired -> BUZZER OFF
2026-09-22 01:19:28,565 - [ALARM][SENSOR][PIR] Detection -> BUZZER ON for 5 seconds
2026-09-22 01:19:33,635 - [ALARM][SENSOR] 5-second alarm expired -> BUZZER OFF
2026-09-22 01:37:39,537 - [ALARM][SENSOR][PIR] Detection -> BUZZER ON for 5 seconds
2026-09-22 01:37:45,023 - [ALARM][SENSOR] 5-second alarm expired -> BUZZER OFF
2026-09-22 01:56:01,811 - [ALARM][SENSOR][PIR] Detection -> BUZZER ON for 5 seconds
2026-09-22 01:56:07,063 - [ALARM][SENSOR] 5-second alarm expired -> BUZZER OFF
2026-09-22 02:05:38,986 - [ALARM][SENSOR][PIR] Detection -> BUZZER ON for 5 seconds
2026-09-22 02:05:44,289 - [ALARM][SENSOR] 5-second alarm expired -> BUZZER OFF
2026-09-22 02:17:55,337 - [ALARM][SENSOR][PIR] Detection -> BUZZER ON for 5 seconds
2026-09-22 02:18:00,541 - [ALARM][SENSOR] 5-second alarm expired -> BUZZER OFF
2026-09-22 12:25:59,768 - Starting background VLM surveillance pipeline...
2026-09-22 12:26:01,400 - [ALARM][SENSOR][PIR] Detection -> BUZZER ON for 5 seconds
2026-09-22 12:26:06,769 - [ALARM][SENSOR] 5-second alarm expired -> BUZZER OFF
2026-09-22 12:33:07,160 - Starting background VLM surveillance pipeline...
2026-09-22 12:33:31,398 - [ALARM][CAMERA] PERSON detected -> BUZZER ON for 10 seconds
2026-09-22 12:33:33,202 - [ALARM][CAMERA] UNKNOWN VEHICLE detected -> BUZZER ON for 10 seconds
2026-09-22 12:33:34,439 - [ALARM][CAMERA] PERSON detected -> BUZZER ON for 10 seconds
2026-09-22 12:33:35,732 - [ALARM][CAMERA] PERSON detected -> BUZZER ON for 10 seconds
2026-09-22 12:33:43,515 - [ALARM][CAMERA] PERSON detected -> BUZZER ON for 10 seconds
2026-09-22 12:33:46,918 - [ALARM][CAMERA] PERSON detected -> BUZZER ON for 10 seconds
2026-09-22 12:33:47,513 - [ALARM][CAMERA] UNKNOWN VEHICLE detected -> BUZZER ON for 10 seconds
2026-09-22 12:33:48,674 - [ALARM][CAMERA] PERSON detected -> BUZZER ON for 10 seconds
2026-09-22 12:33:49,449 - [ALARM][CAMERA] UNKNOWN VEHICLE detected -> BUZZER ON for 10 seconds
2026-09-22 12:33:51,840 - [ALARM][CAMERA] UNKNOWN VEHICLE detected -> BUZZER ON for 10 seconds
2026-09-22 12:33:55,114 - [ALARM][CAMERA] PERSON detected -> BUZZER ON for 10 seconds
2026-09-22 12:33:55,115 - [ALARM][CAMERA] PERSON detected -> BUZZER ON for 10 seconds
2026-09-22 12:33:56,971 - [ALARM][CAMERA] UNKNOWN VEHICLE detected -> BUZZER ON for 10 seconds
2026-09-22 12:33:58,149 - [ALARM][CAMERA] UNKNOWN VEHICLE detected -> BUZZER ON for 10 seconds
2026-09-22 12:33:59,370 - [ALARM][CAMERA] UNKNOWN VEHICLE detected -> BUZZER ON for 10 seconds
2026-09-22 12:34:05,229 - [ALARM][CAMERA] PERSON detected -> BUZZER ON for 10 seconds
2026-09-22 12:34:06,302 - [ALARM][CAMERA] UNKNOWN VEHICLE detected -> BUZZER ON for 10 seconds
2026-09-22 12:34:06,838 - [ALARM][CAMERA] PERSON detected -> BUZZER ON for 10 seconds
2026-09-22 12:34:10,329 - [ALARM][CAMERA] UNKNOWN VEHICLE detected -> BUZZER ON for 10 seconds
2026-09-22 12:34:10,329 - [ALARM][CAMERA] PERSON detected -> BUZZER ON for 10 seconds
2026-09-22 12:34:12,026 - [ALARM][CAMERA] PERSON detected -> BUZZER ON for 10 seconds
2026-09-22 12:34:12,644 - [ALARM][CAMERA] PERSON detected -> BUZZER ON for 10 seconds
2026-09-22 12:34:14,534 - [ALARM][CAMERA] PERSON detected -> BUZZER ON for 10 seconds
2026-09-22 12:34:14,534 - [ALARM][CAMERA] PERSON detected -> BUZZER ON for 10 seconds
2026-09-22 12:34:14,534 - [ALARM][CAMERA] PERSON detected -> BUZZER ON for 10 seconds
2026-09-22 12:34:15,990 - [ALARM][CAMERA] UNKNOWN VEHICLE detected -> BUZZER ON for 10 seconds
2026-09-22 12:34:15,990 - [ALARM][CAMERA] PERSON detected -> BUZZER ON for 10 seconds
2026-09-22 12:34:19,988 - [ALARM][CAMERA] PERSON detected -> BUZZER ON for 10 seconds
2026-09-22 12:34:20,769 - [ALARM][CAMERA] PERSON detected -> BUZZER ON for 10 seconds
2026-09-22 12:34:20,770 - [ALARM][CAMERA] PERSON detected -> BUZZER ON for 10 seconds
2026-09-22 12:34:28,532 - [ALARM][CAMERA] PERSON detected -> BUZZER ON for 10 seconds
2026-09-22 12:34:35,793 - [ALARM][CAMERA] PERSON detected -> BUZZER ON for 10 seconds
2026-09-22 12:34:41,281 - [ALARM][CAMERA] PERSON detected -> BUZZER ON for 10 seconds
2026-09-22 12:34:51,294 - [ALARM][CAMERA] 10-second alarm expired -> BUZZER OFF
2026-09-22 12:34:56,617 - [ALARM][CAMERA] PERSON detected -> BUZZER ON for 10 seconds
2026-09-22 12:34:56,618 - [ALARM][CAMERA] PERSON detected -> BUZZER ON for 10 seconds
2026-09-22 12:35:00,709 - [ALARM][CAMERA] PERSON detected -> BUZZER ON for 10 seconds
2026-09-22 12:35:06,192 - [ALARM][CAMERA] PERSON detected -> BUZZER ON for 10 seconds
2026-09-22 12:35:07,728 - [ALARM][SENSOR][PIR] Detection -> BUZZER ON for 5 seconds
2026-09-22 12:35:12,088 - [ALARM][CAMERA] PERSON detected -> BUZZER ON for 10 seconds
2026-09-22 12:35:12,089 - [ALARM][CAMERA] PERSON detected -> BUZZER ON for 10 seconds
2026-09-22 12:35:12,090 - [ALARM][CAMERA] PERSON detected -> BUZZER ON for 10 seconds
2026-09-22 12:35:12,869 - [ALARM][SENSOR] 5-second alarm expired -> BUZZER OFF
2026-09-22 12:35:17,298 - [ALARM][SENSOR][IR] Detection -> BUZZER ON for 5 seconds
2026-09-22 12:35:22,369 - [ALARM][CAMERA] 10-second alarm expired -> BUZZER OFF
2026-09-22 12:35:22,370 - [ALARM][SENSOR] 5-second alarm expired -> BUZZER OFF
2026-09-22 12:35:23,120 - [ALARM][CAMERA] PERSON detected -> BUZZER ON for 10 seconds
2026-09-22 12:35:23,121 - [ALARM][CAMERA] PERSON detected -> BUZZER ON for 10 seconds
2026-09-22 12:35:33,403 - [ALARM][CAMERA] 10-second alarm expired -> BUZZER OFF
2026-09-22 12:35:45,060 - [ALARM][SENSOR][PIR] Detection -> BUZZER ON for 5 seconds
2026-09-22 12:35:50,118 - [ALARM][SENSOR] 5-second alarm expired -> BUZZER OFF
2026-09-22 12:35:51,371 - [ALARM][SENSOR][IR] Detection -> BUZZER ON for 5 seconds
2026-09-22 12:35:56,625 - [ALARM][SENSOR] 5-second alarm expired -> BUZZER OFF
2026-09-22 12:36:07,355 - [ALARM][SENSOR][PIR] Detection -> BUZZER ON for 5 seconds
2026-09-22 12:36:12,614 - [ALARM][SENSOR] 5-second alarm expired -> BUZZER OFF
2026-09-22 12:36:26,423 - [ALARM][SENSOR][IR] Detection -> BUZZER ON for 5 seconds
2026-09-22 12:36:31,628 - [ALARM][SENSOR] 5-second alarm expired -> BUZZER OFF
2026-09-22 12:38:00,693 - [ALARM][SENSOR][PIR] Detection -> BUZZER ON for 5 seconds
2026-09-22 12:38:00,693 - [ALARM][SENSOR][IR] Detection -> BUZZER ON for 5 seconds
2026-09-22 12:38:06,136 - [ALARM][SENSOR] 5-second alarm expired -> BUZZER OFF
2026-09-22 12:38:18,158 - [ALARM][SENSOR][PIR] Detection -> BUZZER ON for 5 seconds
2026-09-22 12:38:18,158 - [ALARM][SENSOR][IR] Detection -> BUZZER ON for 5 seconds
2026-09-22 12:38:23,653 - [ALARM][SENSOR] 5-second alarm expired -> BUZZER OFF
2026-09-22 12:38:40,367 - [ALARM][SENSOR][IR] Detection -> BUZZER ON for 5 seconds
2026-09-22 12:38:45,652 - [ALARM][SENSOR] 5-second alarm expired -> BUZZER OFF
2026-09-22 12:39:44,028 - [ALARM][SENSOR][PIR] Detection -> BUZZER ON for 5 seconds
2026-09-22 12:39:44,028 - [ALARM][SENSOR][IR] Detection -> BUZZER ON for 5 seconds
2026-09-22 12:39:49,160 - [ALARM][SENSOR] 5-second alarm expired -> BUZZER OFF
2026-09-22 12:41:19,865 - [ALARM][SENSOR][IR] Detection -> BUZZER ON for 5 seconds
2026-09-22 12:41:25,251 - [ALARM][SENSOR] 5-second alarm expired -> BUZZER OFF
2026-09-22 12:41:29,537 - [ALARM][SENSOR][PIR] Detection -> BUZZER ON for 5 seconds
2026-09-22 12:41:34,747 - [ALARM][SENSOR] 5-second alarm expired -> BUZZER OFF
2026-09-22 12:41:53,400 - [ALARM][SENSOR][PIR] Detection -> BUZZER ON for 5 seconds
2026-09-22 12:41:58,733 - [ALARM][SENSOR] 5-second alarm expired -> BUZZER OFF
2026-09-22 12:42:28,557 - [ALARM][SENSOR][IR] Detection -> BUZZER ON for 5 seconds
2026-09-22 12:42:33,732 - [ALARM][SENSOR] 5-second alarm expired -> BUZZER OFF
2026-09-22 12:43:10,498 - [ALARM][SENSOR][PIR] Detection -> BUZZER ON for 5 seconds
2026-09-22 12:43:15,745 - [ALARM][SENSOR] 5-second alarm expired -> BUZZER OFF
2026-09-22 12:46:15,526 - [ALARM][SENSOR][PIR] Detection -> BUZZER ON for 5 seconds
2026-09-22 12:46:20,828 - [ALARM][SENSOR] 5-second alarm expired -> BUZZER OFF
2026-09-22 12:48:00,263 - [ALARM][SENSOR][IR] Detection -> BUZZER ON for 5 seconds
2026-09-22 12:48:05,333 - [ALARM][SENSOR] 5-second alarm expired -> BUZZER OFF
2026-09-22 12:51:07,606 - [ALARM][CAMERA] PERSON detected -> BUZZER ON for 10 seconds
2026-09-22 12:51:17,645 - [ALARM][CAMERA] 10-second alarm expired -> BUZZER OFF
2026-09-22 12:51:30,423 - [ALARM][SENSOR][PIR] Detection -> BUZZER ON for 5 seconds
2026-09-22 12:51:35,726 - [ALARM][SENSOR] 5-second alarm expired -> BUZZER OFF
2026-09-22 12:51:54,642 - [ALARM][CAMERA] PERSON detected -> BUZZER ON for 10 seconds
2026-09-22 12:51:55,515 - [ALARM][CAMERA] PERSON detected -> BUZZER ON for 10 seconds
2026-09-22 12:52:05,886 - [ALARM][CAMERA] 10-second alarm expired -> BUZZER OFF
2026-09-22 12:52:46,598 - [ALARM][SENSOR][IR] Detection -> BUZZER ON for 5 seconds
2026-09-22 12:52:51,947 - [ALARM][SENSOR] 5-second alarm expired -> BUZZER OFF
2026-09-22 12:54:44,300 - [ALARM][SENSOR][PIR] Detection -> BUZZER ON for 5 seconds
2026-09-22 12:54:49,365 - [ALARM][SENSOR] 5-second alarm expired -> BUZZER OFF
2026-09-22 12:58:50,805 - [ALARM][CAMERA] PERSON detected -> BUZZER ON for 10 seconds
2026-09-22 12:58:52,442 - [ALARM][CAMERA] PERSON detected -> BUZZER ON for 10 seconds
2026-09-22 12:59:02,529 - [ALARM][CAMERA] 10-second alarm expired -> BUZZER OFF
2026-09-22 12:59:05,256 - [ALARM][SENSOR][PIR] Detection -> BUZZER ON for 5 seconds
2026-09-22 12:59:10,518 - [ALARM][SENSOR] 5-second alarm expired -> BUZZER OFF
2026-09-22 13:11:41,822 - [ALARM][SENSOR][PIR] Detection -> BUZZER ON for 5 seconds
2026-09-22 13:11:47,231 - [ALARM][SENSOR] 5-second alarm expired -> BUZZER OFF
2026-09-22 13:12:17,021 - [ALARM][CAMERA] PERSON detected -> BUZZER ON for 10 seconds
2026-09-22 13:12:27,444 - [ALARM][CAMERA] 10-second alarm expired -> BUZZER OFF
2026-09-22 13:16:12,238 - [ALARM][CAMERA] PERSON detected -> BUZZER ON for 10 seconds
2026-09-22 13:16:13,425 - [ALARM][CAMERA] PERSON detected -> BUZZER ON for 10 seconds
2026-09-22 13:16:13,696 - [ALARM][SENSOR][PIR] Detection -> BUZZER ON for 5 seconds
2026-09-22 13:16:19,021 - [ALARM][SENSOR] 5-second alarm expired -> BUZZER OFF
2026-09-22 13:16:23,516 - [ALARM][CAMERA] 10-second alarm expired -> BUZZER OFF
2026-09-22 13:16:29,707 - [ALARM][CAMERA] PERSON detected -> BUZZER ON for 10 seconds
2026-09-22 13:16:32,046 - [ALARM][CAMERA] PERSON detected -> BUZZER ON for 10 seconds
2026-09-22 13:16:38,170 - [ALARM][CAMERA] PERSON detected -> BUZZER ON for 10 seconds
2026-09-22 13:16:42,906 - [ALARM][CAMERA] PERSON detected -> BUZZER ON for 10 seconds
2026-09-22 13:16:53,071 - [ALARM][CAMERA] 10-second alarm expired -> BUZZER OFF
2026-09-22 13:17:02,790 - [ALARM][CAMERA] PERSON detected -> BUZZER ON for 10 seconds
2026-09-22 13:17:13,085 - [ALARM][CAMERA] 10-second alarm expired -> BUZZER OFF
2026-09-22 13:17:30,940 - [ALARM][CAMERA] PERSON detected -> BUZZER ON for 10 seconds
2026-09-22 13:17:41,064 - [ALARM][CAMERA] 10-second alarm expired -> BUZZER OFF
2026-09-22 13:17:49,574 - [ALARM][SENSOR][PIR] Detection -> BUZZER ON for 5 seconds
2026-09-22 13:17:54,586 - [ALARM][SENSOR] 5-second alarm expired -> BUZZER OFF
2026-09-22 13:17:55,895 - [ALARM][SENSOR][IR] Detection -> BUZZER ON for 5 seconds
2026-09-22 13:18:01,283 - [ALARM][SENSOR] 5-second alarm expired -> BUZZER OFF
2026-09-22 13:18:09,110 - [ALARM][CAMERA] PERSON detected -> BUZZER ON for 10 seconds
2026-09-22 13:18:12,211 - [ALARM][CAMERA] PERSON detected -> BUZZER ON for 10 seconds
2026-09-22 13:18:14,247 - [ALARM][CAMERA] PERSON detected -> BUZZER ON for 10 seconds
2026-09-22 13:18:16,552 - [ALARM][CAMERA] PERSON detected -> BUZZER ON for 10 seconds
2026-09-22 13:18:26,171 - [ALARM][CAMERA] PERSON detected -> BUZZER ON for 10 seconds
2026-09-22 13:18:30,732 - [ALARM][CAMERA] PERSON detected -> BUZZER ON for 10 seconds
2026-09-22 13:18:32,117 - [ALARM][CAMERA] PERSON detected -> BUZZER ON for 10 seconds
2026-09-22 13:18:34,309 - [ALARM][CAMERA] PERSON detected -> BUZZER ON for 10 seconds
2026-09-22 13:18:42,132 - [ALARM][CAMERA] PERSON detected -> BUZZER ON for 10 seconds
2026-09-22 13:18:51,263 - [ALARM][CAMERA] PERSON detected -> BUZZER ON for 10 seconds
2026-09-22 13:19:01,387 - [ALARM][CAMERA] 10-second alarm expired -> BUZZER OFF
2026-09-22 13:19:06,261 - [ALARM][CAMERA] PERSON detected -> BUZZER ON for 10 seconds
2026-09-22 13:19:16,386 - [ALARM][CAMERA] 10-second alarm expired -> BUZZER OFF
2026-09-22 13:19:18,947 - [ALARM][CAMERA] PERSON detected -> BUZZER ON for 10 seconds
2026-09-22 13:19:20,785 - [ALARM][CAMERA] PERSON detected -> BUZZER ON for 10 seconds
2026-09-22 13:19:27,013 - [ALARM][CAMERA] PERSON detected -> BUZZER ON for 10 seconds
2026-09-22 13:19:34,626 - [ALARM][SENSOR][PIR] Detection -> BUZZER ON for 5 seconds
2026-09-22 13:19:37,416 - [ALARM][CAMERA] 10-second alarm expired -> BUZZER OFF
2026-09-22 13:19:39,939 - [ALARM][SENSOR] 5-second alarm expired -> BUZZER OFF
2026-09-22 13:19:41,110 - [ALARM][CAMERA] PERSON detected -> BUZZER ON for 10 seconds
2026-09-22 13:19:41,110 - [ALARM][CAMERA] PERSON detected -> BUZZER ON for 10 seconds
2026-09-22 13:19:49,485 - [ALARM][CAMERA] PERSON detected -> BUZZER ON for 10 seconds
2026-09-22 13:19:49,486 - [ALARM][CAMERA] PERSON detected -> BUZZER ON for 10 seconds
2026-09-22 13:19:56,354 - [ALARM][CAMERA] PERSON detected -> BUZZER ON for 10 seconds
2026-09-22 13:20:04,334 - [ALARM][CAMERA] PERSON detected -> BUZZER ON for 10 seconds
2026-09-22 13:20:09,566 - [ALARM][CAMERA] PERSON detected -> BUZZER ON for 10 seconds
2026-09-22 13:20:16,770 - [ALARM][CAMERA] PERSON detected -> BUZZER ON for 10 seconds
2026-09-22 13:20:18,536 - [ALARM][CAMERA] PERSON detected -> BUZZER ON for 10 seconds
2026-09-22 13:20:18,536 - [ALARM][CAMERA] PERSON detected -> BUZZER ON for 10 seconds
2026-09-22 13:20:22,687 - [ALARM][CAMERA] PERSON detected -> BUZZER ON for 10 seconds
2026-09-22 13:20:33,007 - [ALARM][CAMERA] 10-second alarm expired -> BUZZER OFF
2026-09-22 13:20:43,245 - [ALARM][CAMERA] PERSON detected -> BUZZER ON for 10 seconds
2026-09-22 13:20:44,999 - [ALARM][CAMERA] PERSON detected -> BUZZER ON for 10 seconds
2026-09-22 13:20:47,077 - [ALARM][CAMERA] PERSON detected -> BUZZER ON for 10 seconds
2026-09-22 13:20:55,485 - [ALARM][CAMERA] PERSON detected -> BUZZER ON for 10 seconds
2026-09-22 13:21:05,562 - [ALARM][CAMERA] 10-second alarm expired -> BUZZER OFF
2026-09-22 13:21:16,681 - [ALARM][CAMERA] PERSON detected -> BUZZER ON for 10 seconds
2026-09-22 13:21:27,151 - [ALARM][CAMERA] 10-second alarm expired -> BUZZER OFF
2026-09-22 13:23:49,542 - [ALARM][CAMERA] PERSON detected -> BUZZER ON for 10 seconds
2026-09-22 13:23:59,737 - [ALARM][CAMERA] 10-second alarm expired -> BUZZER OFF
2026-09-22 13:25:13,554 - [ALARM][CAMERA] PERSON detected -> BUZZER ON for 10 seconds
2026-09-22 13:25:16,652 - [ALARM][CAMERA] PERSON detected -> BUZZER ON for 10 seconds
2026-09-22 13:25:16,652 - [ALARM][CAMERA] PERSON detected -> BUZZER ON for 10 seconds
2026-09-22 13:25:18,249 - [ALARM][CAMERA] PERSON detected -> BUZZER ON for 10 seconds
2026-09-22 13:25:25,770 - [ALARM][CAMERA] PERSON detected -> BUZZER ON for 10 seconds
2026-09-22 13:25:29,678 - [ALARM][CAMERA] PERSON detected -> BUZZER ON for 10 seconds
2026-09-22 13:25:32,311 - [ALARM][CAMERA] PERSON detected -> BUZZER ON for 10 seconds
2026-09-22 13:25:37,189 - [ALARM][CAMERA] PERSON detected -> BUZZER ON for 10 seconds
2026-09-22 13:25:37,189 - [ALARM][CAMERA] PERSON detected -> BUZZER ON for 10 seconds
2026-09-22 13:25:42,360 - [ALARM][CAMERA] PERSON detected -> BUZZER ON for 10 seconds
2026-09-22 13:25:42,361 - [ALARM][CAMERA] PERSON detected -> BUZZER ON for 10 seconds
2026-09-22 13:25:46,279 - [ALARM][CAMERA] PERSON detected -> BUZZER ON for 10 seconds
2026-09-22 13:25:48,587 - [ALARM][CAMERA] PERSON detected -> BUZZER ON for 10 seconds
2026-09-22 13:25:56,430 - [ALARM][CAMERA] PERSON detected -> BUZZER ON for 10 seconds
2026-09-22 13:26:04,859 - [ALARM][CAMERA] PERSON detected -> BUZZER ON for 10 seconds
2026-09-22 13:26:13,617 - [ALARM][CAMERA] PERSON detected -> BUZZER ON for 10 seconds
2026-09-22 13:26:16,287 - [ALARM][CAMERA] PERSON detected -> BUZZER ON for 10 seconds
2026-09-22 13:26:21,254 - [ALARM][CAMERA] PERSON detected -> BUZZER ON for 10 seconds
2026-09-22 13:26:24,399 - [ALARM][CAMERA] PERSON detected -> BUZZER ON for 10 seconds
2026-09-22 13:26:32,247 - [ALARM][CAMERA] PERSON detected -> BUZZER ON for 10 seconds
2026-09-22 13:26:38,074 - [ALARM][CAMERA] PERSON detected -> BUZZER ON for 10 seconds
2026-09-22 13:26:46,766 - [ALARM][CAMERA] PERSON detected -> BUZZER ON for 10 seconds
2026-09-22 13:26:50,756 - [ALARM][CAMERA] PERSON detected -> BUZZER ON for 10 seconds
2026-09-22 13:26:57,141 - [ALARM][CAMERA] PERSON detected -> BUZZER ON for 10 seconds
2026-09-22 13:26:57,142 - [ALARM][CAMERA] PERSON detected -> BUZZER ON for 10 seconds
2026-09-22 13:27:05,289 - [ALARM][CAMERA] PERSON detected -> BUZZER ON for 10 seconds
2026-09-22 13:27:05,290 - [ALARM][CAMERA] PERSON detected -> BUZZER ON for 10 seconds
2026-09-22 13:27:14,473 - [ALARM][CAMERA] PERSON detected -> BUZZER ON for 10 seconds
2026-09-22 13:27:16,993 - [ALARM][CAMERA] PERSON detected -> BUZZER ON for 10 seconds
2026-09-22 13:27:24,043 - [ALARM][CAMERA] PERSON detected -> BUZZER ON for 10 seconds
2026-09-22 13:27:29,766 - [ALARM][CAMERA] PERSON detected -> BUZZER ON for 10 seconds
2026-09-22 13:27:31,530 - [ALARM][CAMERA] PERSON detected -> BUZZER ON for 10 seconds
2026-09-22 13:27:33,623 - [ALARM][CAMERA] PERSON detected -> BUZZER ON for 10 seconds
2026-09-22 13:27:38,539 - [ALARM][CAMERA] PERSON detected -> BUZZER ON for 10 seconds
2026-09-22 13:27:41,946 - [ALARM][CAMERA] PERSON detected -> BUZZER ON for 10 seconds
2026-09-22 13:27:48,723 - [ALARM][CAMERA] PERSON detected -> BUZZER ON for 10 seconds
2026-09-22 13:27:54,745 - [ALARM][CAMERA] PERSON detected -> BUZZER ON for 10 seconds
2026-09-22 13:28:01,386 - [ALARM][CAMERA] PERSON detected -> BUZZER ON for 10 seconds
2026-09-22 13:28:01,392 - [ALARM][CAMERA] PERSON detected -> BUZZER ON for 10 seconds
2026-09-22 13:28:02,965 - [ALARM][CAMERA] PERSON detected -> BUZZER ON for 10 seconds
2026-09-22 13:28:04,358 - [ALARM][CAMERA] PERSON detected -> BUZZER ON for 10 seconds
2026-09-22 13:28:10,964 - [ALARM][CAMERA] PERSON detected -> BUZZER ON for 10 seconds
2026-09-22 13:28:12,401 - [ALARM][CAMERA] PERSON detected -> BUZZER ON for 10 seconds
2026-09-22 13:28:16,035 - [ALARM][CAMERA] PERSON detected -> BUZZER ON for 10 seconds
2026-09-22 13:28:17,441 - [ALARM][CAMERA] PERSON detected -> BUZZER ON for 10 seconds
2026-09-22 13:28:19,661 - [ALARM][CAMERA] PERSON detected -> BUZZER ON for 10 seconds
2026-09-22 13:28:23,189 - [ALARM][CAMERA] PERSON detected -> BUZZER ON for 10 seconds
2026-09-22 13:28:28,808 - [ALARM][CAMERA] PERSON detected -> BUZZER ON for 10 seconds
2026-09-22 13:28:28,808 - [ALARM][CAMERA] PERSON detected -> BUZZER ON for 10 seconds
2026-09-22 13:28:36,416 - [ALARM][CAMERA] PERSON detected -> BUZZER ON for 10 seconds
2026-09-22 13:28:36,416 - [ALARM][CAMERA] PERSON detected -> BUZZER ON for 10 seconds
2026-09-22 13:28:38,047 - [ALARM][CAMERA] PERSON detected -> BUZZER ON for 10 seconds
2026-09-22 13:28:42,706 - [ALARM][CAMERA] PERSON detected -> BUZZER ON for 10 seconds
2026-09-22 13:28:44,098 - [ALARM][CAMERA] PERSON detected -> BUZZER ON for 10 seconds
2026-09-22 13:28:46,729 - [ALARM][CAMERA] PERSON detected -> BUZZER ON for 10 seconds
2026-09-22 13:28:48,155 - [ALARM][CAMERA] PERSON detected -> BUZZER ON for 10 seconds
2026-09-22 13:28:48,155 - [ALARM][CAMERA] PERSON detected -> BUZZER ON for 10 seconds
2026-09-22 13:28:49,604 - [ALARM][CAMERA] PERSON detected -> BUZZER ON for 10 seconds
2026-09-22 13:28:51,053 - [ALARM][CAMERA] PERSON detected -> BUZZER ON for 10 seconds
2026-09-22 13:28:55,124 - [ALARM][CAMERA] PERSON detected -> BUZZER ON for 10 seconds
2026-09-22 13:28:57,907 - [ALARM][CAMERA] PERSON detected -> BUZZER ON for 10 seconds
2026-09-22 13:28:59,503 - [ALARM][CAMERA] PERSON detected -> BUZZER ON for 10 seconds
2026-09-22 13:29:07,022 - [ALARM][CAMERA] PERSON detected -> BUZZER ON for 10 seconds
2026-09-22 13:29:07,022 - [ALARM][CAMERA] PERSON detected -> BUZZER ON for 10 seconds
2026-09-22 13:29:07,022 - [ALARM][CAMERA] PERSON detected -> BUZZER ON for 10 seconds
2026-09-22 13:29:12,606 - [ALARM][CAMERA] PERSON detected -> BUZZER ON for 10 seconds
2026-09-22 13:29:14,247 - [ALARM][CAMERA] PERSON detected -> BUZZER ON for 10 seconds
2026-09-22 13:29:15,845 - [ALARM][CAMERA] PERSON detected -> BUZZER ON for 10 seconds
2026-09-22 13:29:15,846 - [ALARM][CAMERA] PERSON detected -> BUZZER ON for 10 seconds
2026-09-22 13:29:19,133 - [ALARM][CAMERA] PERSON detected -> BUZZER ON for 10 seconds
2026-09-22 13:29:19,133 - [ALARM][CAMERA] PERSON detected -> BUZZER ON for 10 seconds
2026-09-22 13:29:21,148 - [ALARM][CAMERA] PERSON detected -> BUZZER ON for 10 seconds
2026-09-22 13:29:28,481 - [ALARM][CAMERA] PERSON detected -> BUZZER ON for 10 seconds
2026-09-22 13:29:31,883 - [ALARM][CAMERA] PERSON detected -> BUZZER ON for 10 seconds
2026-09-22 13:29:42,112 - [ALARM][CAMERA] 10-second alarm expired -> BUZZER OFF
2026-09-22 13:29:59,316 - [ALARM][CAMERA] PERSON detected -> BUZZER ON for 10 seconds
2026-09-22 13:30:00,566 - [ALARM][CAMERA] PERSON detected -> BUZZER ON for 10 seconds
2026-09-22 13:30:00,566 - [ALARM][CAMERA] PERSON detected -> BUZZER ON for 10 seconds
2026-09-22 13:30:03,052 - [ALARM][CAMERA] PERSON detected -> BUZZER ON for 10 seconds
2026-09-22 13:30:06,496 - [ALARM][CAMERA] PERSON detected -> BUZZER ON for 10 seconds
2026-09-22 13:30:07,933 - [ALARM][CAMERA] PERSON detected -> BUZZER ON for 10 seconds
2026-09-22 13:30:10,443 - [ALARM][CAMERA] PERSON detected -> BUZZER ON for 10 seconds
2026-09-22 13:30:17,976 - [ALARM][CAMERA] PERSON detected -> BUZZER ON for 10 seconds
2026-09-22 13:30:28,239 - [ALARM][CAMERA] 10-second alarm expired -> BUZZER OFF
2026-09-22 13:30:39,980 - [ALARM][CAMERA] PERSON detected -> BUZZER ON for 10 seconds
2026-09-22 13:30:45,642 - [ALARM][CAMERA] PERSON detected -> BUZZER ON for 10 seconds
2026-09-22 13:30:51,951 - [ALARM][CAMERA] PERSON detected -> BUZZER ON for 10 seconds
2026-09-22 13:30:55,548 - [ALARM][CAMERA] PERSON detected -> BUZZER ON for 10 seconds
2026-09-22 13:30:55,549 - [ALARM][CAMERA] PERSON detected -> BUZZER ON for 10 seconds
2026-09-22 13:30:57,158 - [ALARM][CAMERA] PERSON detected -> BUZZER ON for 10 seconds
2026-09-22 13:30:58,419 - [ALARM][CAMERA] PERSON detected -> BUZZER ON for 10 seconds
2026-09-22 13:31:02,473 - [ALARM][CAMERA] PERSON detected -> BUZZER ON for 10 seconds
2026-09-22 13:31:04,034 - [ALARM][CAMERA] PERSON detected -> BUZZER ON for 10 seconds
2026-09-22 13:31:10,879 - [ALARM][CAMERA] PERSON detected -> BUZZER ON for 10 seconds
2026-09-22 13:31:10,879 - [ALARM][CAMERA] PERSON detected -> BUZZER ON for 10 seconds
2026-09-22 13:31:12,353 - [ALARM][CAMERA] PERSON detected -> BUZZER ON for 10 seconds
2026-09-22 13:31:22,365 - [ALARM][CAMERA] 10-second alarm expired -> BUZZER OFF
2026-09-22 13:31:24,502 - [ALARM][CAMERA] PERSON detected -> BUZZER ON for 10 seconds
2026-09-22 13:31:26,235 - [ALARM][CAMERA] PERSON detected -> BUZZER ON for 10 seconds
2026-09-22 13:31:26,235 - [ALARM][CAMERA] PERSON detected -> BUZZER ON for 10 seconds
2026-09-22 13:31:28,484 - [ALARM][CAMERA] PERSON detected -> BUZZER ON for 10 seconds
2026-09-22 13:31:33,663 - [ALARM][CAMERA] PERSON detected -> BUZZER ON for 10 seconds
2026-09-22 13:31:33,663 - [ALARM][CAMERA] PERSON detected -> BUZZER ON for 10 seconds
2026-09-22 13:31:34,820 - [ALARM][CAMERA] PERSON detected -> BUZZER ON for 10 seconds
2026-09-22 13:31:34,820 - [ALARM][CAMERA] PERSON detected -> BUZZER ON for 10 seconds
2026-09-22 13:31:37,805 - [ALARM][CAMERA] PERSON detected -> BUZZER ON for 10 seconds
2026-09-22 13:31:37,805 - [ALARM][CAMERA] PERSON detected -> BUZZER ON for 10 seconds
2026-09-22 13:31:39,069 - [ALARM][CAMERA] PERSON detected -> BUZZER ON for 10 seconds
2026-09-22 13:31:40,091 - [ALARM][CAMERA] PERSON detected -> BUZZER ON for 10 seconds
2026-09-22 13:31:41,971 - [ALARM][CAMERA] PERSON detected -> BUZZER ON for 10 seconds
2026-09-22 13:31:43,117 - [ALARM][CAMERA] PERSON detected -> BUZZER ON for 10 seconds
2026-09-22 13:31:53,457 - [ALARM][CAMERA] 10-second alarm expired -> BUZZER OFF
2026-09-22 13:31:58,808 - [ALARM][CAMERA] PERSON detected -> BUZZER ON for 10 seconds
2026-09-22 13:32:00,926 - [ALARM][CAMERA] PERSON detected -> BUZZER ON for 10 seconds
2026-09-22 13:32:02,942 - [ALARM][CAMERA] PERSON detected -> BUZZER ON for 10 seconds
2026-09-22 13:32:02,942 - [ALARM][CAMERA] PERSON detected -> BUZZER ON for 10 seconds
2026-09-22 13:32:02,942 - [ALARM][CAMERA] PERSON detected -> BUZZER ON for 10 seconds
2026-09-22 13:32:05,303 - [ALARM][CAMERA] PERSON detected -> BUZZER ON for 10 seconds
2026-09-22 13:32:05,304 - [ALARM][CAMERA] PERSON detected -> BUZZER ON for 10 seconds
2026-09-22 13:32:08,121 - [ALARM][CAMERA] PERSON detected -> BUZZER ON for 10 seconds
2026-09-22 13:32:09,045 - [ALARM][CAMERA] PERSON detected -> BUZZER ON for 10 seconds
2026-09-22 13:32:14,930 - [ALARM][CAMERA] PERSON detected -> BUZZER ON for 10 seconds
2026-09-22 13:32:16,036 - [ALARM][CAMERA] PERSON detected -> BUZZER ON for 10 seconds
2026-09-22 13:32:17,350 - [ALARM][CAMERA] PERSON detected -> BUZZER ON for 10 seconds
2026-09-22 13:32:19,443 - [ALARM][CAMERA] PERSON detected -> BUZZER ON for 10 seconds
2026-09-22 13:32:19,443 - [ALARM][CAMERA] PERSON detected -> BUZZER ON for 10 seconds
2026-09-22 13:32:25,678 - [ALARM][CAMERA] PERSON detected -> BUZZER ON for 10 seconds
2026-09-22 13:32:27,068 - [ALARM][CAMERA] PERSON detected -> BUZZER ON for 10 seconds
2026-09-22 13:32:27,069 - [ALARM][CAMERA] PERSON detected -> BUZZER ON for 10 seconds
2026-09-22 13:32:29,246 - [ALARM][CAMERA] PERSON detected -> BUZZER ON for 10 seconds
2026-09-22 13:32:29,246 - [ALARM][CAMERA] PERSON detected -> BUZZER ON for 10 seconds
2026-09-22 13:32:29,246 - [ALARM][CAMERA] PERSON detected -> BUZZER ON for 10 seconds
2026-09-22 13:32:31,098 - [ALARM][CAMERA] PERSON detected -> BUZZER ON for 10 seconds
2026-09-22 13:32:32,114 - [ALARM][CAMERA] PERSON detected -> BUZZER ON for 10 seconds
2026-09-22 13:32:33,430 - [ALARM][CAMERA] PERSON detected -> BUZZER ON for 10 seconds
2026-09-22 13:32:34,711 - [ALARM][CAMERA] PERSON detected -> BUZZER ON for 10 seconds
2026-09-22 13:32:36,000 - [ALARM][CAMERA] PERSON detected -> BUZZER ON for 10 seconds
2026-09-22 13:32:36,001 - [ALARM][CAMERA] PERSON detected -> BUZZER ON for 10 seconds
2026-09-22 13:32:36,001 - [ALARM][CAMERA] PERSON detected -> BUZZER ON for 10 seconds
2026-09-22 13:32:36,001 - [ALARM][CAMERA] PERSON detected -> BUZZER ON for 10 seconds
2026-09-22 13:32:38,415 - [ALARM][CAMERA] PERSON detected -> BUZZER ON for 10 seconds
2026-09-22 13:32:40,029 - [ALARM][CAMERA] PERSON detected -> BUZZER ON for 10 seconds
2026-09-22 13:32:41,645 - [ALARM][CAMERA] PERSON detected -> BUZZER ON for 10 seconds
2026-09-22 13:32:41,645 - [ALARM][CAMERA] PERSON detected -> BUZZER ON for 10 seconds
2026-09-22 13:32:42,927 - [ALARM][CAMERA] PERSON detected -> BUZZER ON for 10 seconds
2026-09-22 13:32:42,928 - [ALARM][CAMERA] PERSON detected -> BUZZER ON for 10 seconds
2026-09-22 13:32:42,928 - [ALARM][CAMERA] PERSON detected -> BUZZER ON for 10 seconds
2026-09-22 13:32:45,390 - [ALARM][CAMERA] PERSON detected -> BUZZER ON for 10 seconds
2026-09-22 13:32:45,391 - [ALARM][CAMERA] PERSON detected -> BUZZER ON for 10 seconds
2026-09-22 13:32:48,018 - [ALARM][CAMERA] PERSON detected -> BUZZER ON for 10 seconds
2026-09-22 13:32:58,204 - [ALARM][CAMERA] 10-second alarm expired -> BUZZER OFF
2026-09-22 13:33:59,499 - [ALARM][CAMERA] PERSON detected -> BUZZER ON for 10 seconds
2026-09-22 13:34:00,369 - [ALARM][CAMERA] PERSON detected -> BUZZER ON for 10 seconds
2026-09-22 13:34:03,903 - [ALARM][CAMERA] PERSON detected -> BUZZER ON for 10 seconds
2026-09-22 13:34:06,257 - [ALARM][CAMERA] PERSON detected -> BUZZER ON for 10 seconds
2026-09-22 13:34:06,258 - [ALARM][CAMERA] PERSON detected -> BUZZER ON for 10 seconds
2026-09-22 13:34:12,048 - [ALARM][CAMERA] PERSON detected -> BUZZER ON for 10 seconds
2026-09-22 13:34:22,289 - [ALARM][CAMERA] 10-second alarm expired -> BUZZER OFF
2026-09-22 13:34:26,605 - [ALARM][CAMERA] PERSON detected -> BUZZER ON for 10 seconds
2026-09-22 13:34:36,770 - [ALARM][CAMERA] 10-second alarm expired -> BUZZER OFF
2026-09-22 13:35:11,794 - [ALARM][CAMERA] PERSON detected -> BUZZER ON for 10 seconds
2026-09-22 13:35:14,341 - [ALARM][CAMERA] PERSON detected -> BUZZER ON for 10 seconds
2026-09-22 13:35:15,279 - [ALARM][CAMERA] PERSON detected -> BUZZER ON for 10 seconds
2026-09-22 13:35:18,440 - [ALARM][CAMERA] PERSON detected -> BUZZER ON for 10 seconds
2026-09-22 13:35:25,195 - [ALARM][CAMERA] PERSON detected -> BUZZER ON for 10 seconds
2026-09-22 13:35:27,416 - [ALARM][CAMERA] PERSON detected -> BUZZER ON for 10 seconds
2026-09-22 13:35:28,384 - [ALARM][CAMERA] PERSON detected -> BUZZER ON for 10 seconds
2026-09-22 13:35:33,877 - [ALARM][CAMERA] PERSON detected -> BUZZER ON for 10 seconds
2026-09-22 13:35:36,066 - [ALARM][CAMERA] PERSON detected -> BUZZER ON for 10 seconds
2026-09-22 13:35:46,372 - [ALARM][CAMERA] 10-second alarm expired -> BUZZER OFF
2026-09-22 13:35:52,874 - [ALARM][CAMERA] PERSON detected -> BUZZER ON for 10 seconds
2026-09-22 13:35:55,568 - [ALARM][CAMERA] PERSON detected -> BUZZER ON for 10 seconds
2026-09-22 13:36:00,354 - [ALARM][CAMERA] PERSON detected -> BUZZER ON for 10 seconds
2026-09-22 13:36:03,340 - [ALARM][CAMERA] PERSON detected -> BUZZER ON for 10 seconds
2026-09-22 13:36:04,584 - [ALARM][CAMERA] PERSON detected -> BUZZER ON for 10 seconds
2026-09-22 13:36:04,585 - [ALARM][CAMERA] PERSON detected -> BUZZER ON for 10 seconds
2026-09-22 13:36:05,539 - [ALARM][CAMERA] PERSON detected -> BUZZER ON for 10 seconds
2026-09-22 13:36:10,476 - [ALARM][CAMERA] PERSON detected -> BUZZER ON for 10 seconds
2026-09-22 13:36:10,477 - [ALARM][CAMERA] PERSON detected -> BUZZER ON for 10 seconds
2026-09-22 13:36:14,191 - [ALARM][CAMERA] PERSON detected -> BUZZER ON for 10 seconds
2026-09-22 13:36:21,205 - [ALARM][CAMERA] PERSON detected -> BUZZER ON for 10 seconds
2026-09-22 13:36:24,495 - [ALARM][CAMERA] PERSON detected -> BUZZER ON for 10 seconds
2026-09-22 13:36:25,999 - [ALARM][CAMERA] PERSON detected -> BUZZER ON for 10 seconds
2026-09-22 13:36:32,386 - [ALARM][CAMERA] PERSON detected -> BUZZER ON for 10 seconds
2026-09-22 13:36:34,219 - [ALARM][CAMERA] PERSON detected -> BUZZER ON for 10 seconds
2026-09-22 13:36:35,991 - [ALARM][CAMERA] PERSON detected -> BUZZER ON for 10 seconds
2026-09-22 13:36:38,540 - [ALARM][CAMERA] PERSON detected -> BUZZER ON for 10 seconds
2026-09-22 13:36:40,469 - [ALARM][CAMERA] PERSON detected -> BUZZER ON for 10 seconds
2026-09-22 13:36:45,205 - [ALARM][CAMERA] PERSON detected -> BUZZER ON for 10 seconds
2026-09-22 13:36:46,233 - [ALARM][CAMERA] PERSON detected -> BUZZER ON for 10 seconds
2026-09-22 13:36:53,559 - [ALARM][CAMERA] PERSON detected -> BUZZER ON for 10 seconds
2026-09-22 13:37:02,949 - [ALARM][CAMERA] PERSON detected -> BUZZER ON for 10 seconds
2026-09-22 13:37:04,297 - [ALARM][CAMERA] PERSON detected -> BUZZER ON for 10 seconds
2026-09-22 13:37:14,616 - [ALARM][CAMERA] 10-second alarm expired -> BUZZER OFF
2026-09-22 13:37:21,154 - [ALARM][CAMERA] PERSON detected -> BUZZER ON for 10 seconds
2026-09-22 13:37:24,537 - [ALARM][CAMERA] PERSON detected -> BUZZER ON for 10 seconds
2026-09-22 13:37:33,966 - [ALARM][CAMERA] PERSON detected -> BUZZER ON for 10 seconds
2026-09-22 13:37:33,967 - [ALARM][CAMERA] PERSON detected -> BUZZER ON for 10 seconds
2026-09-22 13:37:44,196 - [ALARM][CAMERA] 10-second alarm expired -> BUZZER OFF
2026-09-22 13:38:40,041 - [ALARM][CAMERA] PERSON detected -> BUZZER ON for 10 seconds
2026-09-22 13:38:41,229 - [ALARM][CAMERA] PERSON detected -> BUZZER ON for 10 seconds
2026-09-22 13:38:46,619 - [ALARM][CAMERA] PERSON detected -> BUZZER ON for 10 seconds
2026-09-22 13:38:48,452 - [ALARM][CAMERA] PERSON detected -> BUZZER ON for 10 seconds
2026-09-22 13:38:50,360 - [ALARM][CAMERA] PERSON detected -> BUZZER ON for 10 seconds
2026-09-22 13:38:51,274 - [ALARM][CAMERA] PERSON detected -> BUZZER ON for 10 seconds
2026-09-22 13:38:53,961 - [ALARM][CAMERA] PERSON detected -> BUZZER ON for 10 seconds
2026-09-22 13:38:55,306 - [ALARM][CAMERA] PERSON detected -> BUZZER ON for 10 seconds
2026-09-22 13:38:56,318 - [ALARM][CAMERA] PERSON detected -> BUZZER ON for 10 seconds
2026-09-22 13:38:58,489 - [ALARM][CAMERA] PERSON detected -> BUZZER ON for 10 seconds
2026-09-22 13:38:59,438 - [ALARM][CAMERA] PERSON detected -> BUZZER ON for 10 seconds
2026-09-22 13:39:01,641 - [ALARM][CAMERA] PERSON detected -> BUZZER ON for 10 seconds
2026-09-22 13:39:02,696 - [ALARM][CAMERA] PERSON detected -> BUZZER ON for 10 seconds
2026-09-22 13:39:02,696 - [ALARM][CAMERA] PERSON detected -> BUZZER ON for 10 seconds
2026-09-22 13:39:04,884 - [ALARM][CAMERA] PERSON detected -> BUZZER ON for 10 seconds
2026-09-22 13:39:04,885 - [ALARM][CAMERA] PERSON detected -> BUZZER ON for 10 seconds
2026-09-22 13:39:05,828 - [ALARM][CAMERA] PERSON detected -> BUZZER ON for 10 seconds
2026-09-22 13:39:07,921 - [ALARM][CAMERA] PERSON detected -> BUZZER ON for 10 seconds
2026-09-22 13:39:07,921 - [ALARM][CAMERA] PERSON detected -> BUZZER ON for 10 seconds
2026-09-22 13:39:09,246 - [ALARM][CAMERA] PERSON detected -> BUZZER ON for 10 seconds
2026-09-22 13:39:09,248 - [ALARM][CAMERA] PERSON detected -> BUZZER ON for 10 seconds
2026-09-22 13:39:10,454 - [ALARM][CAMERA] PERSON detected -> BUZZER ON for 10 seconds
2026-09-22 13:39:10,455 - [ALARM][CAMERA] PERSON detected -> BUZZER ON for 10 seconds
2026-09-22 13:39:10,456 - [ALARM][CAMERA] PERSON detected -> BUZZER ON for 10 seconds
2026-09-22 13:39:15,008 - [ALARM][CAMERA] PERSON detected -> BUZZER ON for 10 seconds
2026-09-22 13:39:16,847 - [ALARM][CAMERA] PERSON detected -> BUZZER ON for 10 seconds
2026-09-22 13:39:16,847 - [ALARM][CAMERA] PERSON detected -> BUZZER ON for 10 seconds
2026-09-22 13:39:16,847 - [ALARM][CAMERA] PERSON detected -> BUZZER ON for 10 seconds
2026-09-22 13:39:20,252 - [ALARM][CAMERA] PERSON detected -> BUZZER ON for 10 seconds
2026-09-22 13:39:20,252 - [ALARM][CAMERA] PERSON detected -> BUZZER ON for 10 seconds
2026-09-22 13:39:21,983 - [ALARM][CAMERA] PERSON detected -> BUZZER ON for 10 seconds
2026-09-22 13:39:21,984 - [ALARM][CAMERA] PERSON detected -> BUZZER ON for 10 seconds
2026-09-22 13:39:21,984 - [ALARM][CAMERA] PERSON detected -> BUZZER ON for 10 seconds
2026-09-22 13:39:21,984 - [ALARM][CAMERA] PERSON detected -> BUZZER ON for 10 seconds
2026-09-22 13:39:23,237 - [ALARM][CAMERA] PERSON detected -> BUZZER ON for 10 seconds
2026-09-22 13:39:24,485 - [ALARM][CAMERA] PERSON detected -> BUZZER ON for 10 seconds
2026-09-22 13:39:25,760 - [ALARM][CAMERA] PERSON detected -> BUZZER ON for 10 seconds
2026-09-22 13:39:28,561 - [ALARM][CAMERA] PERSON detected -> BUZZER ON for 10 seconds
2026-09-22 13:39:31,523 - [ALARM][CAMERA] PERSON detected -> BUZZER ON for 10 seconds
2026-09-22 13:39:34,619 - [ALARM][CAMERA] PERSON detected -> BUZZER ON for 10 seconds
2026-09-22 13:39:34,620 - [ALARM][CAMERA] PERSON detected -> BUZZER ON for 10 seconds
2026-09-22 13:39:34,620 - [ALARM][CAMERA] PERSON detected -> BUZZER ON for 10 seconds
2026-09-22 13:39:35,910 - [ALARM][CAMERA] PERSON detected -> BUZZER ON for 10 seconds
2026-09-22 13:39:37,103 - [ALARM][CAMERA] PERSON detected -> BUZZER ON for 10 seconds
2026-09-22 13:39:39,354 - [ALARM][CAMERA] PERSON detected -> BUZZER ON for 10 seconds
2026-09-22 13:39:39,355 - [ALARM][CAMERA] PERSON detected -> BUZZER ON for 10 seconds
2026-09-22 13:39:39,355 - [ALARM][CAMERA] PERSON detected -> BUZZER ON for 10 seconds
2026-09-22 13:39:39,358 - [ALARM][CAMERA] PERSON detected -> BUZZER ON for 10 seconds
2026-09-22 13:39:40,547 - [ALARM][CAMERA] PERSON detected -> BUZZER ON for 10 seconds
2026-09-22 13:39:42,775 - [ALARM][CAMERA] PERSON detected -> BUZZER ON for 10 seconds
2026-09-22 13:39:45,220 - [ALARM][CAMERA] PERSON detected -> BUZZER ON for 10 seconds
2026-09-22 13:39:50,373 - [ALARM][CAMERA] PERSON detected -> BUZZER ON for 10 seconds
2026-09-22 13:39:50,374 - [ALARM][CAMERA] PERSON detected -> BUZZER ON for 10 seconds
2026-09-22 13:39:51,663 - [ALARM][CAMERA] PERSON detected -> BUZZER ON for 10 seconds
2026-09-22 13:39:52,826 - [ALARM][CAMERA] PERSON detected -> BUZZER ON for 10 seconds
2026-09-22 13:39:53,904 - [ALARM][CAMERA] PERSON detected -> BUZZER ON for 10 seconds
2026-09-22 13:39:58,495 - [ALARM][CAMERA] PERSON detected -> BUZZER ON for 10 seconds
2026-09-22 13:40:01,148 - [ALARM][CAMERA] PERSON detected -> BUZZER ON for 10 seconds
2026-09-22 13:40:02,305 - [ALARM][CAMERA] PERSON detected -> BUZZER ON for 10 seconds
2026-09-22 13:40:02,305 - [ALARM][CAMERA] PERSON detected -> BUZZER ON for 10 seconds
2026-09-22 13:40:07,057 - [ALARM][CAMERA] PERSON detected -> BUZZER ON for 10 seconds
2026-09-22 13:40:08,161 - [ALARM][CAMERA] PERSON detected -> BUZZER ON for 10 seconds
2026-09-22 13:40:11,389 - [ALARM][CAMERA] PERSON detected -> BUZZER ON for 10 seconds
2026-09-22 13:40:13,831 - [ALARM][CAMERA] PERSON detected -> BUZZER ON for 10 seconds
2026-09-22 13:40:15,092 - [ALARM][CAMERA] PERSON detected -> BUZZER ON for 10 seconds
2026-09-22 13:40:16,206 - [ALARM][CAMERA] PERSON detected -> BUZZER ON for 10 seconds
2026-09-22 13:40:25,263 - [ALARM][CAMERA] PERSON detected -> BUZZER ON for 10 seconds
2026-09-22 13:40:25,263 - [ALARM][CAMERA] PERSON detected -> BUZZER ON for 10 seconds
2026-09-22 13:40:27,206 - [ALARM][CAMERA] PERSON detected -> BUZZER ON for 10 seconds
2026-09-22 13:40:28,207 - [ALARM][CAMERA] PERSON detected -> BUZZER ON for 10 seconds
2026-09-22 13:40:30,137 - [ALARM][CAMERA] PERSON detected -> BUZZER ON for 10 seconds
2026-09-22 13:40:32,214 - [ALARM][CAMERA] PERSON detected -> BUZZER ON for 10 seconds
2026-09-22 13:40:32,215 - [ALARM][CAMERA] PERSON detected -> BUZZER ON for 10 seconds
2026-09-22 13:40:35,183 - [ALARM][CAMERA] PERSON detected -> BUZZER ON for 10 seconds
2026-09-22 13:40:41,130 - [ALARM][CAMERA] PERSON detected -> BUZZER ON for 10 seconds
2026-09-22 13:40:42,170 - [ALARM][CAMERA] PERSON detected -> BUZZER ON for 10 seconds
2026-09-22 13:40:43,343 - [ALARM][CAMERA] PERSON detected -> BUZZER ON for 10 seconds
2026-09-22 13:40:43,343 - [ALARM][CAMERA] PERSON detected -> BUZZER ON for 10 seconds
2026-09-22 13:40:44,389 - [ALARM][CAMERA] PERSON detected -> BUZZER ON for 10 seconds
2026-09-22 13:40:49,791 - [ALARM][CAMERA] PERSON detected -> BUZZER ON for 10 seconds
2026-09-22 13:40:52,096 - [ALARM][CAMERA] PERSON detected -> BUZZER ON for 10 seconds
2026-09-22 13:40:53,137 - [ALARM][CAMERA] PERSON detected -> BUZZER ON for 10 seconds
2026-09-22 13:40:54,353 - [ALARM][CAMERA] PERSON detected -> BUZZER ON for 10 seconds
2026-09-22 13:40:58,212 - [ALARM][CAMERA] PERSON detected -> BUZZER ON for 10 seconds
2026-09-22 13:41:01,591 - [ALARM][CAMERA] PERSON detected -> BUZZER ON for 10 seconds
2026-09-22 13:41:02,709 - [ALARM][CAMERA] PERSON detected -> BUZZER ON for 10 seconds
2026-09-22 13:41:03,800 - [ALARM][CAMERA] PERSON detected -> BUZZER ON for 10 seconds
2026-09-22 13:41:05,918 - [ALARM][CAMERA] PERSON detected -> BUZZER ON for 10 seconds
2026-09-22 13:41:08,544 - [ALARM][CAMERA] PERSON detected -> BUZZER ON for 10 seconds
2026-09-22 13:41:09,546 - [ALARM][CAMERA] PERSON detected -> BUZZER ON for 10 seconds
2026-09-22 13:41:09,546 - [ALARM][CAMERA] PERSON detected -> BUZZER ON for 10 seconds
2026-09-22 13:41:12,878 - [ALARM][CAMERA] PERSON detected -> BUZZER ON for 10 seconds
2026-09-22 13:41:12,878 - [ALARM][CAMERA] PERSON detected -> BUZZER ON for 10 seconds
2026-09-22 13:41:14,890 - [ALARM][CAMERA] PERSON detected -> BUZZER ON for 10 seconds
2026-09-22 13:41:16,867 - [ALARM][CAMERA] PERSON detected -> BUZZER ON for 10 seconds
2026-09-22 13:41:21,181 - [ALARM][CAMERA] PERSON detected -> BUZZER ON for 10 seconds
2026-09-22 13:41:22,256 - [ALARM][CAMERA] PERSON detected -> BUZZER ON for 10 seconds
2026-09-22 13:41:24,225 - [ALARM][CAMERA] PERSON detected -> BUZZER ON for 10 seconds
2026-09-22 13:41:25,455 - [ALARM][CAMERA] PERSON detected -> BUZZER ON for 10 seconds
2026-09-22 13:41:26,450 - [ALARM][CAMERA] PERSON detected -> BUZZER ON for 10 seconds
2026-09-22 13:41:30,848 - [ALARM][CAMERA] PERSON detected -> BUZZER ON for 10 seconds
2026-09-22 13:41:30,848 - [ALARM][CAMERA] PERSON detected -> BUZZER ON for 10 seconds
2026-09-22 13:41:30,849 - [ALARM][CAMERA] PERSON detected -> BUZZER ON for 10 seconds
2026-09-22 13:41:30,849 - [ALARM][CAMERA] PERSON detected -> BUZZER ON for 10 seconds
2026-09-22 13:41:30,850 - [ALARM][CAMERA] PERSON detected -> BUZZER ON for 10 seconds
2026-09-22 13:41:33,383 - [ALARM][CAMERA] PERSON detected -> BUZZER ON for 10 seconds
2026-09-22 13:41:43,862 - [ALARM][CAMERA] 10-second alarm expired -> BUZZER OFF
2026-09-23 01:31:16,931 - Starting background VLM surveillance pipeline...
2026-09-23 01:36:42,500 - [ALARM][CAMERA] PERSON detected -> BUZZER ON for 10 seconds
2026-09-23 01:36:47,080 - Starting background VLM surveillance pipeline...
2026-09-23 01:36:49,281 - [ALARM][CAMERA] PERSON detected -> BUZZER ON for 10 seconds
2026-09-23 01:37:19,944 - [ALARM][CAMERA] PERSON detected -> BUZZER ON for 10 seconds
2026-09-23 01:37:44,123 - [ALARM][CAMERA] PERSON detected -> BUZZER ON for 10 seconds
2026-09-23 01:38:29,041 - [ALARM][CAMERA] 10-second alarm expired -> BUZZER OFF
2026-09-23 01:38:32,335 - [ALARM][CAMERA] PERSON detected -> BUZZER ON for 10 seconds
2026-09-23 01:38:37,556 - [ALARM][CAMERA] PERSON detected -> BUZZER ON for 10 seconds
2026-09-23 01:38:42,966 - [ALARM][CAMERA] PERSON detected -> BUZZER ON for 10 seconds
2026-09-23 01:38:53,043 - [ALARM][CAMERA] 10-second alarm expired -> BUZZER OFF
2026-09-23 02:41:58,748 - Starting background VLM surveillance pipeline...
2026-09-23 02:42:11,601 - [ALARM][CAMERA] PERSON detected -> BUZZER ON for 10 seconds
2026-09-23 02:42:11,604 - [ALARM][CAMERA] PERSON detected -> BUZZER ON for 10 seconds
2026-09-23 02:42:21,609 - [ALARM][CAMERA] 10-second alarm expired -> BUZZER OFF
2026-09-23 02:42:54,707 - [ALARM][CAMERA] PERSON detected -> BUZZER ON for 10 seconds
2026-09-23 02:44:21,961 - [ALARM][CAMERA] 10-second alarm expired -> BUZZER OFF
2026-09-23 02:44:51,015 - [ALARM][CAMERA] PERSON detected -> BUZZER ON for 10 seconds
2026-09-23 02:45:45,808 - [ALARM][CAMERA] UNKNOWN VEHICLE detected -> BUZZER ON for 10 seconds
2026-09-23 02:45:45,809 - [ALARM][CAMERA] UNKNOWN VEHICLE detected -> BUZZER ON for 10 seconds
2026-09-23 02:45:45,810 - [ALARM][CAMERA] UNKNOWN VEHICLE detected -> BUZZER ON for 10 seconds
2026-09-23 02:45:48,812 - [ALARM][CAMERA] UNKNOWN VEHICLE detected -> BUZZER ON for 10 seconds
2026-09-23 02:45:48,815 - [ALARM][CAMERA] UNKNOWN VEHICLE detected -> BUZZER ON for 10 seconds
2026-09-23 02:45:56,054 - [ALARM][CAMERA] PERSON detected -> BUZZER ON for 10 seconds
2026-09-23 02:45:58,633 - [ALARM][CAMERA] PERSON detected -> BUZZER ON for 10 seconds
2026-09-23 02:46:02,708 - [ALARM][CAMERA] PERSON detected -> BUZZER ON for 10 seconds
2026-09-23 02:46:06,612 - [ALARM][CAMERA] PERSON detected -> BUZZER ON for 10 seconds
2026-09-23 02:46:13,641 - [ALARM][CAMERA] UNKNOWN VEHICLE detected -> BUZZER ON for 10 seconds
2026-09-23 02:46:13,641 - [ALARM][CAMERA] UNKNOWN VEHICLE detected -> BUZZER ON for 10 seconds
2026-09-23 02:46:13,644 - [ALARM][CAMERA] UNKNOWN VEHICLE detected -> BUZZER ON for 10 seconds
2026-09-23 02:46:13,645 - [ALARM][CAMERA] UNKNOWN VEHICLE detected -> BUZZER ON for 10 seconds
2026-09-23 02:46:13,645 - [ALARM][CAMERA] UNKNOWN VEHICLE detected -> BUZZER ON for 10 seconds
2026-09-23 02:46:16,711 - [ALARM][CAMERA] UNKNOWN VEHICLE detected -> BUZZER ON for 10 seconds
2026-09-23 02:46:16,727 - [ALARM][CAMERA] UNKNOWN VEHICLE detected -> BUZZER ON for 10 seconds
2026-09-23 02:46:17,582 - [ALARM][CAMERA] UNKNOWN VEHICLE detected -> BUZZER ON for 10 seconds
2026-09-23 02:46:17,584 - [ALARM][CAMERA] UNKNOWN VEHICLE detected -> BUZZER ON for 10 seconds
2026-09-23 02:46:27,825 - [ALARM][CAMERA] 10-second alarm expired -> BUZZER OFF
2026-09-23 02:46:32,587 - [ALARM][CAMERA] PERSON detected -> BUZZER ON for 10 seconds
2026-09-23 02:46:32,600 - [ALARM][CAMERA] PERSON detected -> BUZZER ON for 10 seconds
2026-09-23 02:46:35,810 - [ALARM][CAMERA] PERSON detected -> BUZZER ON for 10 seconds
2026-09-23 02:46:38,670 - [ALARM][CAMERA] PERSON detected -> BUZZER ON for 10 seconds
2026-09-23 02:46:41,290 - [ALARM][CAMERA] PERSON detected -> BUZZER ON for 10 seconds
2026-09-23 02:46:45,687 - [ALARM][CAMERA] PERSON detected -> BUZZER ON for 10 seconds
2026-09-23 02:46:50,108 - [ALARM][CAMERA] PERSON detected -> BUZZER ON for 10 seconds
2026-09-23 02:47:06,762 - [ALARM][CAMERA] UNKNOWN VEHICLE detected -> BUZZER ON for 10 seconds
2026-09-23 02:47:06,764 - [ALARM][CAMERA] UNKNOWN VEHICLE detected -> BUZZER ON for 10 seconds
2026-09-23 02:47:06,765 - [ALARM][CAMERA] UNKNOWN VEHICLE detected -> BUZZER ON for 10 seconds
2026-09-23 02:47:06,766 - [ALARM][CAMERA] UNKNOWN VEHICLE detected -> BUZZER ON for 10 seconds
2026-09-23 02:47:08,489 - [ALARM][CAMERA] UNKNOWN VEHICLE detected -> BUZZER ON for 10 seconds
2026-09-23 02:47:09,841 - [ALARM][CAMERA] UNKNOWN VEHICLE detected -> BUZZER ON for 10 seconds
2026-09-23 02:47:14,718 - [ALARM][CAMERA] UNKNOWN VEHICLE detected -> BUZZER ON for 10 seconds
2026-09-23 02:47:14,720 - [ALARM][CAMERA] UNKNOWN VEHICLE detected -> BUZZER ON for 10 seconds
2026-09-23 02:47:14,722 - [ALARM][CAMERA] UNKNOWN VEHICLE detected -> BUZZER ON for 10 seconds
2026-09-23 02:47:14,722 - [ALARM][CAMERA] UNKNOWN VEHICLE detected -> BUZZER ON for 10 seconds
2026-09-23 02:47:14,722 - [ALARM][CAMERA] UNKNOWN VEHICLE detected -> BUZZER ON for 10 seconds
2026-09-23 02:47:16,722 - [ALARM][CAMERA] UNKNOWN VEHICLE detected -> BUZZER ON for 10 seconds
2026-09-23 02:47:16,722 - [ALARM][CAMERA] UNKNOWN VEHICLE detected -> BUZZER ON for 10 seconds
2026-09-23 02:47:20,835 - [ALARM][CAMERA] UNKNOWN VEHICLE detected -> BUZZER ON for 10 seconds
2026-09-23 02:47:37,069 - [ALARM][CAMERA] 10-second alarm expired -> BUZZER OFF
2026-09-23 02:47:40,307 - [ALARM][CAMERA] UNKNOWN VEHICLE detected -> BUZZER ON for 10 seconds
2026-09-23 02:47:40,308 - [ALARM][CAMERA] UNKNOWN VEHICLE detected -> BUZZER ON for 10 seconds
2026-09-23 02:47:40,308 - [ALARM][CAMERA] UNKNOWN VEHICLE detected -> BUZZER ON for 10 seconds
2026-09-23 02:47:40,308 - [ALARM][CAMERA] UNKNOWN VEHICLE detected -> BUZZER ON for 10 seconds
2026-09-23 02:47:41,808 - [ALARM][CAMERA] UNKNOWN VEHICLE detected -> BUZZER ON for 10 seconds
2026-09-23 02:47:41,809 - [ALARM][CAMERA] UNKNOWN VEHICLE detected -> BUZZER ON for 10 seconds
2026-09-23 02:47:41,809 - [ALARM][CAMERA] UNKNOWN VEHICLE detected -> BUZZER ON for 10 seconds
2026-09-23 02:47:41,809 - [ALARM][CAMERA] UNKNOWN VEHICLE detected -> BUZZER ON for 10 seconds
2026-09-23 02:47:41,810 - [ALARM][CAMERA] UNKNOWN VEHICLE detected -> BUZZER ON for 10 seconds
2026-09-23 02:47:52,090 - [ALARM][CAMERA] 10-second alarm expired -> BUZZER OFF
2026-09-23 02:47:57,174 - [ALARM][CAMERA] PERSON detected -> BUZZER ON for 10 seconds
2026-09-23 02:48:07,591 - [ALARM][CAMERA] UNKNOWN VEHICLE detected -> BUZZER ON for 10 seconds
2026-09-23 02:48:07,593 - [ALARM][CAMERA] UNKNOWN VEHICLE detected -> BUZZER ON for 10 seconds
2026-09-23 02:48:07,593 - [ALARM][CAMERA] UNKNOWN VEHICLE detected -> BUZZER ON for 10 seconds
2026-09-23 02:48:08,596 - [ALARM][CAMERA] UNKNOWN VEHICLE detected -> BUZZER ON for 10 seconds
2026-09-23 02:48:15,975 - [ALARM][CAMERA] UNKNOWN VEHICLE detected -> BUZZER ON for 10 seconds
2026-09-23 02:48:17,564 - [ALARM][CAMERA] UNKNOWN VEHICLE detected -> BUZZER ON for 10 seconds
2026-09-23 02:48:17,564 - [ALARM][CAMERA] UNKNOWN VEHICLE detected -> BUZZER ON for 10 seconds
2026-09-23 02:48:17,564 - [ALARM][CAMERA] UNKNOWN VEHICLE detected -> BUZZER ON for 10 seconds
2026-09-23 02:48:18,647 - [ALARM][CAMERA] UNKNOWN VEHICLE detected -> BUZZER ON for 10 seconds
2026-09-23 02:48:18,648 - [ALARM][CAMERA] UNKNOWN VEHICLE detected -> BUZZER ON for 10 seconds
2026-09-23 02:48:20,185 - [ALARM][CAMERA] UNKNOWN VEHICLE detected -> BUZZER ON for 10 seconds
2026-09-23 02:48:21,297 - [ALARM][CAMERA] UNKNOWN VEHICLE detected -> BUZZER ON for 10 seconds
2026-09-23 02:48:26,078 - [ALARM][CAMERA] PERSON detected -> BUZZER ON for 10 seconds
2026-09-23 02:48:34,459 - [ALARM][CAMERA] UNKNOWN VEHICLE detected -> BUZZER ON for 10 seconds
2026-09-23 02:48:42,958 - [ALARM][CAMERA] UNKNOWN VEHICLE detected -> BUZZER ON for 10 seconds
2026-09-23 02:48:53,192 - [ALARM][CAMERA] 10-second alarm expired -> BUZZER OFF
2026-09-23 02:48:58,314 - [ALARM][CAMERA] UNKNOWN VEHICLE detected -> BUZZER ON for 10 seconds
2026-09-23 02:49:07,915 - [ALARM][CAMERA] UNKNOWN VEHICLE detected -> BUZZER ON for 10 seconds
2026-09-23 02:49:07,915 - [ALARM][CAMERA] UNKNOWN VEHICLE detected -> BUZZER ON for 10 seconds
2026-09-23 02:49:09,234 - [ALARM][CAMERA] UNKNOWN VEHICLE detected -> BUZZER ON for 10 seconds
2026-09-23 02:49:11,751 - [ALARM][CAMERA] UNKNOWN VEHICLE detected -> BUZZER ON for 10 seconds
2026-09-23 02:49:22,224 - [ALARM][CAMERA] 10-second alarm expired -> BUZZER OFF
2026-09-23 02:49:24,220 - [ALARM][CAMERA] PERSON detected -> BUZZER ON for 10 seconds
2026-09-23 02:49:28,681 - [ALARM][CAMERA] PERSON detected -> BUZZER ON for 10 seconds
2026-09-23 02:49:33,516 - [ALARM][CAMERA] PERSON detected -> BUZZER ON for 10 seconds
2026-09-23 02:49:33,516 - [ALARM][CAMERA] PERSON detected -> BUZZER ON for 10 seconds
2026-09-23 02:49:35,243 - [ALARM][CAMERA] PERSON detected -> BUZZER ON for 10 seconds
2026-09-23 02:49:38,933 - [ALARM][CAMERA] PERSON detected -> BUZZER ON for 10 seconds
2026-09-23 02:49:40,254 - [ALARM][CAMERA] PERSON detected -> BUZZER ON for 10 seconds
2026-09-23 02:49:57,149 - [ALARM][CAMERA] PERSON detected -> BUZZER ON for 10 seconds
2026-09-23 02:50:12,770 - [ALARM][CAMERA] 10-second alarm expired -> BUZZER OFF
2026-09-23 02:50:17,570 - [ALARM][CAMERA] PERSON detected -> BUZZER ON for 10 seconds
2026-09-23 02:50:33,073 - [ALARM][CAMERA] PERSON detected -> BUZZER ON for 10 seconds
2026-09-23 02:50:41,453 - [ALARM][CAMERA] PERSON detected -> BUZZER ON for 10 seconds
2026-09-23 02:50:43,984 - [ALARM][CAMERA] PERSON detected -> BUZZER ON for 10 seconds
2026-09-23 02:50:46,827 - [ALARM][CAMERA] PERSON detected -> BUZZER ON for 10 seconds
2026-09-23 02:50:50,487 - [ALARM][CAMERA] PERSON detected -> BUZZER ON for 10 seconds
2026-09-23 02:51:09,320 - [ALARM][CAMERA] PERSON detected -> BUZZER ON for 10 seconds
2026-09-23 02:51:26,345 - [ALARM][CAMERA] PERSON detected -> BUZZER ON for 10 seconds
2026-09-23 02:51:33,110 - [ALARM][CAMERA] UNKNOWN VEHICLE detected -> BUZZER ON for 10 seconds
2026-09-23 02:51:36,358 - [ALARM][CAMERA] UNKNOWN VEHICLE detected -> BUZZER ON for 10 seconds
2026-09-23 02:51:37,585 - [ALARM][CAMERA] UNKNOWN VEHICLE detected -> BUZZER ON for 10 seconds
2026-09-23 02:51:37,585 - [ALARM][CAMERA] UNKNOWN VEHICLE detected -> BUZZER ON for 10 seconds
2026-09-23 02:51:41,063 - [ALARM][CAMERA] UNKNOWN VEHICLE detected -> BUZZER ON for 10 seconds
2026-09-23 02:51:41,063 - [ALARM][CAMERA] UNKNOWN VEHICLE detected -> BUZZER ON for 10 seconds
2026-09-23 02:51:41,798 - [ALARM][CAMERA] UNKNOWN VEHICLE detected -> BUZZER ON for 10 seconds
2026-09-23 02:51:41,798 - [ALARM][CAMERA] UNKNOWN VEHICLE detected -> BUZZER ON for 10 seconds
2026-09-23 02:51:52,321 - [ALARM][CAMERA] UNKNOWN VEHICLE detected -> BUZZER ON for 10 seconds
2026-09-23 02:51:59,532 - [ALARM][CAMERA] UNKNOWN VEHICLE detected -> BUZZER ON for 10 seconds
2026-09-23 02:52:05,772 - [ALARM][CAMERA] UNKNOWN VEHICLE detected -> BUZZER ON for 10 seconds
2026-09-23 02:52:07,423 - [ALARM][CAMERA] UNKNOWN VEHICLE detected -> BUZZER ON for 10 seconds
2026-09-23 02:52:07,423 - [ALARM][CAMERA] UNKNOWN VEHICLE detected -> BUZZER ON for 10 seconds
2026-09-23 02:52:19,936 - [ALARM][CAMERA] 10-second alarm expired -> BUZZER OFF
2026-09-23 02:52:22,502 - [ALARM][CAMERA] UNKNOWN VEHICLE detected -> BUZZER ON for 10 seconds
2026-09-23 02:52:22,503 - [ALARM][CAMERA] UNKNOWN VEHICLE detected -> BUZZER ON for 10 seconds
2026-09-23 02:52:22,503 - [ALARM][CAMERA] UNKNOWN VEHICLE detected -> BUZZER ON for 10 seconds
2026-09-23 02:52:25,031 - [ALARM][CAMERA] UNKNOWN VEHICLE detected -> BUZZER ON for 10 seconds
2026-09-23 02:52:26,605 - [ALARM][CAMERA] UNKNOWN VEHICLE detected -> BUZZER ON for 10 seconds
2026-09-23 02:52:36,349 - [ALARM][CAMERA] UNKNOWN VEHICLE detected -> BUZZER ON for 10 seconds
2026-09-23 02:52:40,494 - [ALARM][CAMERA] UNKNOWN VEHICLE detected -> BUZZER ON for 10 seconds
2026-09-23 02:52:42,604 - [ALARM][CAMERA] UNKNOWN VEHICLE detected -> BUZZER ON for 10 seconds
2026-09-23 02:52:43,447 - [ALARM][CAMERA] UNKNOWN VEHICLE detected -> BUZZER ON for 10 seconds
2026-09-23 02:53:03,566 - [ALARM][CAMERA] 10-second alarm expired -> BUZZER OFF
2026-09-23 02:53:05,766 - [ALARM][CAMERA] UNKNOWN VEHICLE detected -> BUZZER ON for 10 seconds
2026-09-23 02:53:05,766 - [ALARM][CAMERA] UNKNOWN VEHICLE detected -> BUZZER ON for 10 seconds
2026-09-23 02:53:06,561 - [ALARM][CAMERA] UNKNOWN VEHICLE detected -> BUZZER ON for 10 seconds
2026-09-23 02:53:09,234 - [ALARM][CAMERA] UNKNOWN VEHICLE detected -> BUZZER ON for 10 seconds
2026-09-23 02:53:12,494 - [ALARM][CAMERA] UNKNOWN VEHICLE detected -> BUZZER ON for 10 seconds
2026-09-23 02:53:13,148 - [ALARM][CAMERA] UNKNOWN VEHICLE detected -> BUZZER ON for 10 seconds
2026-09-23 02:53:23,578 - [ALARM][CAMERA] NORMAL VEHICLE detected -> BUZZER ON for 10 seconds
2026-09-23 02:53:27,991 - [ALARM][CAMERA] PERSON detected -> BUZZER ON for 10 seconds
2026-09-23 02:53:34,670 - [ALARM][CAMERA] PERSON detected -> BUZZER ON for 10 seconds
2026-09-23 02:53:55,399 - [ALARM][CAMERA] PERSON detected -> BUZZER ON for 10 seconds
2026-09-23 02:54:48,978 - [ALARM][CAMERA] PERSON detected -> BUZZER ON for 10 seconds
2026-09-23 02:56:05,073 - [ALARM][CAMERA] 10-second alarm expired -> BUZZER OFF
2026-09-23 02:56:33,339 - [ALARM][CAMERA] PERSON detected -> BUZZER ON for 10 seconds
2026-09-23 02:56:40,431 - [ALARM][CAMERA] PERSON detected -> BUZZER ON for 10 seconds
2026-09-23 02:56:43,070 - [ALARM][CAMERA] PERSON detected -> BUZZER ON for 10 seconds
2026-09-23 02:56:47,579 - [ALARM][CAMERA] PERSON detected -> BUZZER ON for 10 seconds
2026-09-23 02:57:16,036 - [ALARM][CAMERA] PERSON detected -> BUZZER ON for 10 seconds
2026-09-23 02:57:27,415 - [ALARM][CAMERA] UNKNOWN VEHICLE detected -> BUZZER ON for 10 seconds
2026-09-23 02:57:27,416 - [ALARM][CAMERA] UNKNOWN VEHICLE detected -> BUZZER ON for 10 seconds
2026-09-23 02:57:27,418 - [ALARM][CAMERA] UNKNOWN VEHICLE detected -> BUZZER ON for 10 seconds
2026-09-23 02:57:28,470 - [ALARM][CAMERA] UNKNOWN VEHICLE detected -> BUZZER ON for 10 seconds
2026-09-23 02:57:28,470 - [ALARM][CAMERA] UNKNOWN VEHICLE detected -> BUZZER ON for 10 seconds
2026-09-23 02:57:29,204 - [ALARM][CAMERA] UNKNOWN VEHICLE detected -> BUZZER ON for 10 seconds
2026-09-23 02:57:32,196 - [ALARM][CAMERA] UNKNOWN VEHICLE detected -> BUZZER ON for 10 seconds
2026-09-23 02:57:53,192 - [ALARM][CAMERA] PERSON detected -> BUZZER ON for 10 seconds
2026-09-23 02:57:59,081 - [ALARM][CAMERA] PERSON detected -> BUZZER ON for 10 seconds
2026-09-23 02:58:01,072 - [ALARM][CAMERA] UNKNOWN VEHICLE detected -> BUZZER ON for 10 seconds
2026-09-23 02:58:03,058 - [ALARM][CAMERA] UNKNOWN VEHICLE detected -> BUZZER ON for 10 seconds
2026-09-23 02:58:03,878 - [ALARM][CAMERA] UNKNOWN VEHICLE detected -> BUZZER ON for 10 seconds
2026-09-23 02:58:05,470 - [ALARM][CAMERA] UNKNOWN VEHICLE detected -> BUZZER ON for 10 seconds
2026-09-23 02:58:05,470 - [ALARM][CAMERA] PERSON detected -> BUZZER ON for 10 seconds
2026-09-23 02:58:05,471 - [ALARM][CAMERA] PERSON detected -> BUZZER ON for 10 seconds
2026-09-23 02:58:09,640 - [ALARM][CAMERA] PERSON detected -> BUZZER ON for 10 seconds
2026-09-23 02:58:14,408 - [ALARM][CAMERA] PERSON detected -> BUZZER ON for 10 seconds
2026-09-23 02:58:19,913 - [ALARM][CAMERA] PERSON detected -> BUZZER ON for 10 seconds
2026-09-23 02:58:19,914 - [ALARM][CAMERA] PERSON detected -> BUZZER ON for 10 seconds
2026-09-23 02:58:37,782 - [ALARM][CAMERA] PERSON detected -> BUZZER ON for 10 seconds
2026-09-23 02:58:38,739 - [ALARM][CAMERA] PERSON detected -> BUZZER ON for 10 seconds
2026-09-23 02:58:56,772 - [ALARM][CAMERA] PERSON detected -> BUZZER ON for 10 seconds
2026-09-23 02:58:59,190 - [ALARM][CAMERA] PERSON detected -> BUZZER ON for 10 seconds
2026-09-23 02:59:01,522 - [ALARM][CAMERA] PERSON detected -> BUZZER ON for 10 seconds
2026-09-23 02:59:36,812 - [ALARM][CAMERA] 10-second alarm expired -> BUZZER OFF
2026-09-23 02:59:49,513 - [ALARM][CAMERA] PERSON detected -> BUZZER ON for 10 seconds
2026-09-23 03:00:04,486 - [ALARM][CAMERA] PERSON detected -> BUZZER ON for 10 seconds
2026-09-23 03:00:05,437 - [ALARM][CAMERA] PERSON detected -> BUZZER ON for 10 seconds
2026-09-23 03:00:29,267 - [ALARM][CAMERA] PERSON detected -> BUZZER ON for 10 seconds
2026-09-23 03:00:34,586 - [ALARM][CAMERA] PERSON detected -> BUZZER ON for 10 seconds
2026-09-23 03:00:43,337 - [ALARM][CAMERA] PERSON detected -> BUZZER ON for 10 seconds
2026-09-23 03:00:46,358 - [ALARM][CAMERA] PERSON detected -> BUZZER ON for 10 seconds
2026-09-23 03:00:54,004 - [ALARM][CAMERA] PERSON detected -> BUZZER ON for 10 seconds
2026-09-23 03:01:04,905 - [ALARM][CAMERA] PERSON detected -> BUZZER ON for 10 seconds
2026-09-23 03:01:24,447 - [ALARM][CAMERA] PERSON detected -> BUZZER ON for 10 seconds
2026-09-23 03:01:27,684 - [ALARM][CAMERA] PERSON detected -> BUZZER ON for 10 seconds
2026-09-23 03:01:28,736 - [ALARM][CAMERA] PERSON detected -> BUZZER ON for 10 seconds
2026-09-23 03:01:30,797 - [ALARM][CAMERA] PERSON detected -> BUZZER ON for 10 seconds
2026-09-23 03:01:32,538 - [ALARM][CAMERA] PERSON detected -> BUZZER ON for 10 seconds
2026-09-23 03:01:34,923 - [ALARM][CAMERA] PERSON detected -> BUZZER ON for 10 seconds
2026-09-23 03:01:42,668 - [ALARM][CAMERA] PERSON detected -> BUZZER ON for 10 seconds
2026-09-23 03:02:14,057 - [ALARM][CAMERA] 10-second alarm expired -> BUZZER OFF
2026-09-23 03:02:32,150 - [ALARM][CAMERA] 10-second alarm expired -> BUZZER OFF
2026-09-23 03:02:42,638 - [ALARM][CAMERA] 10-second alarm expired -> BUZZER OFF
2026-09-23 03:03:14,637 - [ALARM][CAMERA] 10-second alarm expired -> BUZZER OFF
2026-09-23 03:03:25,161 - [ALARM][CAMERA] 10-second alarm expired -> BUZZER OFF
2026-09-23 03:03:45,706 - [ALARM][CAMERA] 10-second alarm expired -> BUZZER OFF
2026-09-23 03:03:56,201 - [ALARM][CAMERA] 10-second alarm expired -> BUZZER OFF
2026-09-23 03:04:13,709 - [ALARM][CAMERA] 10-second alarm expired -> BUZZER OFF
2026-09-23 03:04:24,241 - [ALARM][CAMERA] 10-second alarm expired -> BUZZER OFF
2026-09-23 03:04:45,272 - [ALARM][CAMERA] 10-second alarm expired -> BUZZER OFF
2026-09-23 03:04:55,784 - [ALARM][CAMERA] 10-second alarm expired -> BUZZER OFF
2026-09-23 03:05:04,141 - [ALARM][CAMERA] PERSON detected -> BUZZER ON for 10 seconds
2026-09-23 03:05:13,301 - [ALARM][CAMERA] PERSON detected -> BUZZER ON for 10 seconds
2026-09-23 03:05:52,941 - [ALARM][CAMERA] 10-second alarm expired -> BUZZER OFF
2026-09-23 03:06:03,438 - [ALARM][CAMERA] 10-second alarm expired -> BUZZER OFF
2026-09-23 03:06:13,941 - [ALARM][CAMERA] 10-second alarm expired -> BUZZER OFF
2026-09-23 03:06:19,856 - [ALARM][CAMERA] PERSON detected -> BUZZER ON for 10 seconds
2026-09-23 03:06:22,028 - [ALARM][CAMERA] PERSON detected -> BUZZER ON for 10 seconds
2026-09-23 03:06:23,187 - [ALARM][CAMERA] PERSON detected -> BUZZER ON for 10 seconds
2026-09-23 03:06:55,587 - [ALARM][CAMERA] 10-second alarm expired -> BUZZER OFF
2026-09-23 03:07:16,147 - [ALARM][CAMERA] 10-second alarm expired -> BUZZER OFF
2026-09-23 03:07:26,635 - [ALARM][CAMERA] 10-second alarm expired -> BUZZER OFF
2026-09-23 03:07:45,291 - [ALARM][CAMERA] UNKNOWN VEHICLE detected -> BUZZER ON for 10 seconds
2026-09-23 03:07:46,586 - [ALARM][CAMERA] UNKNOWN VEHICLE detected -> BUZZER ON for 10 seconds
2026-09-23 03:08:04,200 - [ALARM][CAMERA] 10-second alarm expired -> BUZZER OFF
2026-09-23 03:08:09,676 - [ALARM][CAMERA] UNKNOWN VEHICLE detected -> BUZZER ON for 10 seconds
2026-09-23 03:08:13,018 - [ALARM][CAMERA] UNKNOWN VEHICLE detected -> BUZZER ON for 10 seconds
2026-09-23 03:08:18,351 - [ALARM][CAMERA] PERSON detected -> BUZZER ON for 10 seconds
2026-09-23 03:08:25,734 - [ALARM][CAMERA] PERSON detected -> BUZZER ON for 10 seconds
2026-09-23 03:08:38,108 - [ALARM][CAMERA] PERSON detected -> BUZZER ON for 10 seconds
2026-09-23 03:09:00,759 - [ALARM][CAMERA] 10-second alarm expired -> BUZZER OFF
2026-09-23 03:09:04,950 - [ALARM][CAMERA] PERSON detected -> BUZZER ON for 10 seconds
2026-09-23 03:09:09,812 - [ALARM][CAMERA] PERSON detected -> BUZZER ON for 10 seconds
2026-09-23 03:09:22,865 - [ALARM][CAMERA] PERSON detected -> BUZZER ON for 10 seconds
2026-09-23 03:09:28,459 - [ALARM][CAMERA] PERSON detected -> BUZZER ON for 10 seconds
2026-09-23 03:09:34,193 - [ALARM][CAMERA] PERSON detected -> BUZZER ON for 10 seconds
2026-09-23 03:10:00,391 - [ALARM][CAMERA] PERSON detected -> BUZZER ON for 10 seconds
2026-09-23 03:10:32,727 - [ALARM][CAMERA] PERSON detected -> BUZZER ON for 10 seconds
2026-09-23 03:10:32,728 - [ALARM][CAMERA] PERSON detected -> BUZZER ON for 10 seconds
2026-09-23 03:10:43,471 - [ALARM][CAMERA] PERSON detected -> BUZZER ON for 10 seconds
2026-09-23 03:10:52,640 - [ALARM][CAMERA] PERSON detected -> BUZZER ON for 10 seconds
2026-09-23 03:11:04,609 - [ALARM][CAMERA] PERSON detected -> BUZZER ON for 10 seconds
2026-09-23 03:11:16,666 - [ALARM][CAMERA] PERSON detected -> BUZZER ON for 10 seconds
2026-09-23 03:11:34,236 - [ALARM][CAMERA] 10-second alarm expired -> BUZZER OFF
2026-09-23 03:11:53,139 - [ALARM][CAMERA] PERSON detected -> BUZZER ON for 10 seconds
2026-09-23 03:11:57,187 - [ALARM][CAMERA] PERSON detected -> BUZZER ON for 10 seconds
2026-09-23 03:14:19,289 - [ALARM][SENSOR][PIR] Detection -> BUZZER ON for 5 seconds
2026-09-23 03:14:21,991 - Starting background VLM surveillance pipeline...
2026-09-23 03:14:24,612 - [ALARM][SENSOR] 5-second alarm expired -> BUZZER OFF
2026-09-23 03:14:42,546 - [ALARM][CAMERA] PERSON detected -> BUZZER ON for 10 seconds
2026-09-23 03:14:52,733 - [ALARM][CAMERA] 10-second alarm expired -> BUZZER OFF
2026-09-23 03:15:47,829 - [ALARM][SENSOR][PIR] Detection -> BUZZER ON for 5 seconds
2026-09-23 03:15:53,075 - [ALARM][SENSOR] 5-second alarm expired -> BUZZER OFF
2026-09-23 03:16:12,358 - [ALARM][CAMERA] 10-second alarm expired -> BUZZER OFF
2026-09-23 03:16:22,028 - [ALARM][CAMERA] PERSON detected -> BUZZER ON for 10 seconds
2026-09-23 03:16:22,029 - [ALARM][CAMERA] PERSON detected -> BUZZER ON for 10 seconds
2026-09-23 03:16:36,647 - [ALARM][CAMERA] PERSON detected -> BUZZER ON for 10 seconds
2026-09-23 03:16:37,952 - [ALARM][CAMERA] PERSON detected -> BUZZER ON for 10 seconds
2026-09-23 03:16:37,952 - [ALARM][CAMERA] PERSON detected -> BUZZER ON for 10 seconds
2026-09-23 03:16:54,930 - [ALARM][CAMERA] PERSON detected -> BUZZER ON for 10 seconds
2026-09-23 03:17:02,134 - [ALARM][CAMERA] PERSON detected -> BUZZER ON for 10 seconds
2026-09-23 03:17:18,869 - [ALARM][CAMERA] PERSON detected -> BUZZER ON for 10 seconds
2026-09-23 03:17:20,141 - [ALARM][CAMERA] PERSON detected -> BUZZER ON for 10 seconds
2026-09-23 03:17:30,392 - [ALARM][CAMERA] 10-second alarm expired -> BUZZER OFF
2026-09-23 03:17:43,901 - [ALARM][SENSOR][PIR] Detection -> BUZZER ON for 5 seconds
2026-09-23 03:17:45,002 - [ALARM][CAMERA] PERSON detected -> BUZZER ON for 10 seconds
2026-09-23 03:17:45,005 - [ALARM][CAMERA] PERSON detected -> BUZZER ON for 10 seconds
2026-09-23 03:17:45,996 - [ALARM][CAMERA] PERSON detected -> BUZZER ON for 10 seconds
2026-09-23 03:17:49,341 - [ALARM][SENSOR] 5-second alarm expired -> BUZZER OFF
2026-09-23 03:17:53,120 - [ALARM][CAMERA] PERSON detected -> BUZZER ON for 10 seconds
2026-09-23 03:17:57,703 - [ALARM][CAMERA] PERSON detected -> BUZZER ON for 10 seconds
2026-09-23 03:18:01,289 - [ALARM][CAMERA] PERSON detected -> BUZZER ON for 10 seconds
2026-09-23 03:18:06,549 - [ALARM][CAMERA] PERSON detected -> BUZZER ON for 10 seconds
2026-09-23 03:18:08,216 - [ALARM][CAMERA] PERSON detected -> BUZZER ON for 10 seconds
2026-09-23 03:18:42,546 - [ALARM][CAMERA] PERSON detected -> BUZZER ON for 10 seconds
2026-09-23 03:18:43,568 - [ALARM][CAMERA] PERSON detected -> BUZZER ON for 10 seconds
2026-09-23 03:19:09,785 - [ALARM][CAMERA] 10-second alarm expired -> BUZZER OFF
2026-09-23 03:19:20,013 - [ALARM][CAMERA] 10-second alarm expired -> BUZZER OFF
2026-09-23 03:19:29,750 - [ALARM][SENSOR][PIR] Detection -> BUZZER ON for 5 seconds
2026-09-23 03:19:30,220 - [ALARM][CAMERA] 10-second alarm expired -> BUZZER OFF
2026-09-23 03:19:34,823 - [ALARM][SENSOR] 5-second alarm expired -> BUZZER OFF
2026-09-23 03:19:40,885 - [ALARM][CAMERA] 10-second alarm expired -> BUZZER OFF
2026-09-23 03:19:41,517 - [ALARM][CAMERA] PERSON detected -> BUZZER ON for 10 seconds
2026-09-23 03:19:45,635 - [ALARM][CAMERA] PERSON detected -> BUZZER ON for 10 seconds
2026-09-23 03:20:05,345 - [ALARM][CAMERA] PERSON detected -> BUZZER ON for 10 seconds
2026-09-23 03:20:48,714 - [ALARM][SENSOR][PIR] Detection -> BUZZER ON for 5 seconds
2026-09-23 03:20:53,933 - [ALARM][SENSOR] 5-second alarm expired -> BUZZER OFF
2026-09-23 03:20:59,619 - [ALARM][CAMERA] PERSON detected -> BUZZER ON for 10 seconds
2026-09-23 03:21:13,372 - [ALARM][CAMERA] 10-second alarm expired -> BUZZER OFF
2026-09-23 03:21:18,614 - [ALARM][SENSOR][PIR] Detection -> BUZZER ON for 5 seconds
2026-09-23 03:21:24,124 - [ALARM][SENSOR] 5-second alarm expired -> BUZZER OFF
2026-09-23 03:21:26,307 - [ALARM][SENSOR][PIR] Detection -> BUZZER ON for 5 seconds
2026-09-23 03:21:31,314 - [ALARM][SENSOR] 5-second alarm expired -> BUZZER OFF
2026-09-23 03:21:33,378 - [ALARM][CAMERA] 10-second alarm expired -> BUZZER OFF
2026-09-23 03:21:48,421 - [ALARM][SENSOR][IR] Detection -> BUZZER ON for 5 seconds
2026-09-23 03:21:48,586 - [ALARM][CAMERA] PERSON detected -> BUZZER ON for 10 seconds
2026-09-23 03:21:50,173 - [ALARM][CAMERA] PERSON detected -> BUZZER ON for 10 seconds
2026-09-23 03:21:53,732 - [ALARM][CAMERA] PERSON detected -> BUZZER ON for 10 seconds
2026-09-23 03:21:53,809 - [ALARM][SENSOR] 5-second alarm expired -> BUZZER OFF
2026-09-23 03:22:09,833 - [ALARM][CAMERA] PERSON detected -> BUZZER ON for 10 seconds
2026-09-23 03:22:15,832 - [ALARM][CAMERA] PERSON detected -> BUZZER ON for 10 seconds
2026-09-23 03:22:18,122 - [ALARM][CAMERA] PERSON detected -> BUZZER ON for 10 seconds
2026-09-23 03:22:27,549 - [ALARM][CAMERA] PERSON detected -> BUZZER ON for 10 seconds
2026-09-23 03:22:35,284 - [ALARM][CAMERA] PERSON detected -> BUZZER ON for 10 seconds
2026-09-23 03:22:41,464 - [ALARM][CAMERA] PERSON detected -> BUZZER ON for 10 seconds
2026-09-23 03:22:45,818 - [ALARM][CAMERA] PERSON detected -> BUZZER ON for 10 seconds
2026-09-23 03:22:50,234 - [ALARM][CAMERA] PERSON detected -> BUZZER ON for 10 seconds
2026-09-23 03:22:55,278 - [ALARM][CAMERA] PERSON detected -> BUZZER ON for 10 seconds
2026-09-23 03:22:57,606 - [ALARM][CAMERA] PERSON detected -> BUZZER ON for 10 seconds
2026-09-23 03:23:01,080 - [ALARM][CAMERA] PERSON detected -> BUZZER ON for 10 seconds
2026-09-23 03:23:01,082 - [ALARM][CAMERA] PERSON detected -> BUZZER ON for 10 seconds
2026-09-23 03:23:11,985 - [ALARM][SENSOR][PIR] Detection -> BUZZER ON for 5 seconds
2026-09-23 03:23:14,989 - [ALARM][CAMERA] PERSON detected -> BUZZER ON for 10 seconds
2026-09-23 03:23:15,840 - [ALARM][CAMERA] PERSON detected -> BUZZER ON for 10 seconds
2026-09-23 03:23:17,097 - [ALARM][SENSOR] 5-second alarm expired -> BUZZER OFF
2026-09-23 03:24:18,887 - [ALARM][SENSOR][PIR] Detection -> BUZZER ON for 5 seconds
2026-09-23 03:24:19,271 - [ALARM][CAMERA] PERSON detected -> BUZZER ON for 2 seconds
2026-09-23 03:24:22,797 - [ALARM][CAMERA] 2-second alarm expired -> BUZZER OFF
2026-09-23 03:24:24,308 - Starting background VLM surveillance pipeline...
2026-09-23 03:24:24,332 - [ALARM][SENSOR] 5-second alarm expired -> BUZZER OFF
2026-09-23 03:24:24,536 - [ALARM][CAMERA] PERSON detected -> BUZZER ON for 2 seconds
2026-09-23 03:24:26,903 - [ALARM][CAMERA] 2-second alarm expired -> BUZZER OFF
2026-09-23 03:24:30,948 - [ALARM][CAMERA] 2-second alarm expired -> BUZZER OFF
2026-09-23 03:24:35,020 - [ALARM][CAMERA] 2-second alarm expired -> BUZZER OFF
2026-09-23 03:24:41,641 - [ALARM][CAMERA] 2-second alarm expired -> BUZZER OFF
2026-09-23 03:24:49,042 - [ALARM][CAMERA] PERSON detected -> BUZZER ON for 2 seconds
2026-09-23 03:24:49,834 - [ALARM][CAMERA] PERSON detected -> BUZZER ON for 2 seconds
2026-09-23 03:24:52,284 - [ALARM][CAMERA] 2-second alarm expired -> BUZZER OFF
2026-09-23 03:24:53,191 - [ALARM][CAMERA] PERSON detected -> BUZZER ON for 2 seconds
2026-09-23 03:24:55,325 - [ALARM][CAMERA] 2-second alarm expired -> BUZZER OFF
2026-09-23 03:24:59,843 - [ALARM][CAMERA] 2-second alarm expired -> BUZZER OFF
2026-09-23 03:25:06,998 - [ALARM][CAMERA] 2-second alarm expired -> BUZZER OFF
2026-09-23 03:25:17,225 - [ALARM][CAMERA] 2-second alarm expired -> BUZZER OFF
2026-09-23 03:25:25,735 - [ALARM][CAMERA] PERSON detected -> BUZZER ON for 2 seconds
2026-09-23 03:25:26,398 - [ALARM][CAMERA] PERSON detected -> BUZZER ON for 2 seconds
2026-09-23 03:25:28,408 - [ALARM][CAMERA] 2-second alarm expired -> BUZZER OFF
2026-09-23 03:25:31,241 - [ALARM][CAMERA] PERSON detected -> BUZZER ON for 2 seconds
2026-09-23 03:25:31,408 - [ALARM][SENSOR][PIR] Detection -> BUZZER ON for 5 seconds
2026-09-23 03:25:33,397 - [ALARM][CAMERA] PERSON detected -> BUZZER ON for 2 seconds
2026-09-23 03:25:34,413 - [ALARM][CAMERA] PERSON detected -> BUZZER ON for 2 seconds
2026-09-23 03:25:34,413 - [ALARM][CAMERA] PERSON detected -> BUZZER ON for 2 seconds
2026-09-23 03:25:36,059 - [ALARM][CAMERA] PERSON detected -> BUZZER ON for 2 seconds
2026-09-23 03:25:36,568 - [ALARM][SENSOR] 5-second alarm expired -> BUZZER OFF
2026-09-23 03:25:38,035 - [ALARM][CAMERA] PERSON detected -> BUZZER ON for 2 seconds
2026-09-23 03:25:38,035 - [ALARM][CAMERA] PERSON detected -> BUZZER ON for 2 seconds
2026-09-23 03:25:39,823 - [ALARM][CAMERA] PERSON detected -> BUZZER ON for 2 seconds
2026-09-23 03:25:39,823 - [ALARM][CAMERA] PERSON detected -> BUZZER ON for 2 seconds
2026-09-23 03:25:42,719 - [ALARM][CAMERA] 2-second alarm expired -> BUZZER OFF
2026-09-23 03:25:45,846 - [ALARM][CAMERA] PERSON detected -> BUZZER ON for 2 seconds
2026-09-23 03:25:48,320 - [ALARM][CAMERA] 2-second alarm expired -> BUZZER OFF
2026-09-23 03:25:50,859 - [ALARM][CAMERA] 2-second alarm expired -> BUZZER OFF
2026-09-23 03:25:54,915 - [ALARM][CAMERA] 2-second alarm expired -> BUZZER OFF
2026-09-23 03:26:02,018 - [ALARM][CAMERA] 2-second alarm expired -> BUZZER OFF
2026-09-23 03:26:06,597 - [ALARM][CAMERA] 2-second alarm expired -> BUZZER OFF
2026-09-23 03:26:11,152 - [ALARM][CAMERA] 2-second alarm expired -> BUZZER OFF
2026-09-23 03:26:15,232 - [ALARM][CAMERA] 2-second alarm expired -> BUZZER OFF
2026-09-23 03:26:26,394 - [ALARM][CAMERA] 2-second alarm expired -> BUZZER OFF
2026-09-23 03:26:36,143 - [ALARM][CAMERA] PERSON detected -> BUZZER ON for 2 seconds
2026-09-23 03:26:37,918 - [ALARM][CAMERA] PERSON detected -> BUZZER ON for 2 seconds
2026-09-23 03:26:39,939 - [ALARM][CAMERA] 2-second alarm expired -> BUZZER OFF
2026-09-23 03:26:46,428 - [ALARM][CAMERA] 2-second alarm expired -> BUZZER OFF
2026-09-23 03:26:47,324 - [ALARM][CAMERA] PERSON detected -> BUZZER ON for 2 seconds
2026-09-23 03:26:51,452 - [ALARM][CAMERA] 2-second alarm expired -> BUZZER OFF
2026-09-23 03:27:01,183 - [ALARM][SENSOR][IR] Detection -> BUZZER ON for 5 seconds
2026-09-23 03:27:04,934 - [ALARM][CAMERA] 2-second alarm expired -> BUZZER OFF
2026-09-23 03:27:06,453 - [ALARM][SENSOR] 5-second alarm expired -> BUZZER OFF
2026-09-23 03:27:12,937 - [ALARM][CAMERA] 2-second alarm expired -> BUZZER OFF
2026-09-23 03:27:13,705 - [ALARM][SENSOR][IR] Detection -> BUZZER ON for 5 seconds
2026-09-23 03:27:16,813 - [ALARM][SENSOR][PIR] Detection -> BUZZER ON for 5 seconds
2026-09-23 03:27:21,945 - [ALARM][SENSOR] 5-second alarm expired -> BUZZER OFF
2026-09-23 03:27:23,978 - [ALARM][CAMERA] 2-second alarm expired -> BUZZER OFF
2026-09-23 03:27:26,095 - [ALARM][SENSOR][IR] Detection -> BUZZER ON for 5 seconds
2026-09-23 03:27:30,638 - [ALARM][CAMERA] PERSON detected -> BUZZER ON for 2 seconds
2026-09-23 03:27:31,484 - [ALARM][SENSOR] 5-second alarm expired -> BUZZER OFF
2026-09-23 03:27:32,153 - [ALARM][CAMERA] PERSON detected -> BUZZER ON for 2 seconds
2026-09-23 03:27:33,697 - [ALARM][CAMERA] PERSON detected -> BUZZER ON for 2 seconds
2026-09-23 03:27:37,058 - [ALARM][CAMERA] PERSON detected -> BUZZER ON for 2 seconds
2026-09-23 03:27:39,509 - [ALARM][CAMERA] 2-second alarm expired -> BUZZER OFF
2026-09-23 03:27:40,368 - [ALARM][CAMERA] PERSON detected -> BUZZER ON for 2 seconds
2026-09-23 03:27:43,515 - [ALARM][CAMERA] 2-second alarm expired -> BUZZER OFF
2026-09-23 03:27:48,537 - [ALARM][CAMERA] 2-second alarm expired -> BUZZER OFF
2026-09-23 03:27:52,886 - [ALARM][CAMERA] PERSON detected -> BUZZER ON for 2 seconds
2026-09-23 03:27:57,553 - [ALARM][CAMERA] 2-second alarm expired -> BUZZER OFF
2026-09-23 03:28:00,070 - [ALARM][CAMERA] PERSON detected -> BUZZER ON for 2 seconds
2026-09-23 03:28:00,071 - [ALARM][CAMERA] PERSON detected -> BUZZER ON for 2 seconds
2026-09-23 03:28:02,572 - [ALARM][CAMERA] 2-second alarm expired -> BUZZER OFF
2026-09-23 03:28:03,310 - [ALARM][CAMERA] PERSON detected -> BUZZER ON for 2 seconds
2026-09-23 03:28:05,572 - [ALARM][CAMERA] 2-second alarm expired -> BUZZER OFF
2026-09-23 03:28:10,855 - [ALARM][CAMERA] PERSON detected -> BUZZER ON for 2 seconds
2026-09-23 03:28:10,855 - [ALARM][CAMERA] PERSON detected -> BUZZER ON for 2 seconds
2026-09-23 03:28:13,102 - [ALARM][CAMERA] 2-second alarm expired -> BUZZER OFF
2026-09-23 03:28:18,676 - [ALARM][CAMERA] 2-second alarm expired -> BUZZER OFF
2026-09-23 03:28:21,529 - [ALARM][CAMERA] PERSON detected -> BUZZER ON for 2 seconds
2026-09-23 03:28:21,530 - [ALARM][CAMERA] PERSON detected -> BUZZER ON for 2 seconds
2026-09-23 03:28:22,294 - [ALARM][CAMERA] PERSON detected -> BUZZER ON for 2 seconds
2026-09-23 03:28:22,295 - [ALARM][CAMERA] PERSON detected -> BUZZER ON for 2 seconds
2026-09-23 03:28:23,692 - [ALARM][CAMERA] PERSON detected -> BUZZER ON for 2 seconds
2026-09-23 03:28:23,692 - [ALARM][CAMERA] PERSON detected -> BUZZER ON for 2 seconds
2026-09-23 03:28:25,717 - [ALARM][CAMERA] 2-second alarm expired -> BUZZER OFF
2026-09-23 03:28:27,835 - [ALARM][CAMERA] PERSON detected -> BUZZER ON for 2 seconds
2026-09-23 03:28:29,132 - [ALARM][CAMERA] PERSON detected -> BUZZER ON for 2 seconds
2026-09-23 03:28:32,718 - [ALARM][CAMERA] 2-second alarm expired -> BUZZER OFF
2026-09-23 03:28:37,058 - [ALARM][CAMERA] PERSON detected -> BUZZER ON for 2 seconds
2026-09-23 03:28:37,899 - [ALARM][CAMERA] PERSON detected -> BUZZER ON for 2 seconds
2026-09-23 03:28:42,262 - [ALARM][CAMERA] 2-second alarm expired -> BUZZER OFF
2026-09-23 03:28:48,295 - [ALARM][CAMERA] 2-second alarm expired -> BUZZER OFF
2026-09-23 03:28:48,664 - [ALARM][SENSOR][PIR] Detection -> BUZZER ON for 5 seconds
2026-09-23 03:28:52,822 - [ALARM][CAMERA] 2-second alarm expired -> BUZZER OFF
2026-09-23 03:28:53,834 - [ALARM][SENSOR] 5-second alarm expired -> BUZZER OFF
2026-09-23 03:28:58,855 - [ALARM][CAMERA] 2-second alarm expired -> BUZZER OFF
2026-09-23 03:29:01,450 - [ALARM][SENSOR][PIR] Detection -> BUZZER ON for 5 seconds
2026-09-23 03:29:03,349 - [ALARM][CAMERA] 2-second alarm expired -> BUZZER OFF
2026-09-23 03:29:06,836 - [ALARM][SENSOR] 5-second alarm expired -> BUZZER OFF
2026-09-23 03:29:07,224 - [ALARM][CAMERA] PERSON detected -> BUZZER ON for 2 seconds
2026-09-23 03:29:08,309 - [ALARM][CAMERA] PERSON detected -> BUZZER ON for 2 seconds
2026-09-23 03:29:10,846 - [ALARM][CAMERA] 2-second alarm expired -> BUZZER OFF
2026-09-23 03:29:16,341 - [ALARM][CAMERA] 2-second alarm expired -> BUZZER OFF
2026-09-23 03:29:20,845 - [ALARM][CAMERA] 2-second alarm expired -> BUZZER OFF
2026-09-23 03:29:24,877 - [ALARM][CAMERA] 2-second alarm expired -> BUZZER OFF
2026-09-23 03:29:31,108 - [ALARM][CAMERA] PERSON detected -> BUZZER ON for 2 seconds
2026-09-23 03:29:31,332 - [ALARM][SENSOR][IR] Detection -> BUZZER ON for 5 seconds
2026-09-23 03:29:33,379 - [ALARM][CAMERA] 2-second alarm expired -> BUZZER OFF
2026-09-23 03:29:34,344 - [ALARM][CAMERA] PERSON detected -> BUZZER ON for 2 seconds
2026-09-23 03:29:36,382 - [ALARM][SENSOR] 5-second alarm expired -> BUZZER OFF
2026-09-23 03:29:36,611 - [ALARM][CAMERA] PERSON detected -> BUZZER ON for 2 seconds
2026-09-23 03:29:39,416 - [ALARM][CAMERA] 2-second alarm expired -> BUZZER OFF
2026-09-23 03:29:40,699 - [ALARM][CAMERA] PERSON detected -> BUZZER ON for 2 seconds
2026-09-23 03:29:43,460 - [ALARM][CAMERA] PERSON detected -> BUZZER ON for 2 seconds
2026-09-23 03:29:45,932 - [ALARM][CAMERA] 2-second alarm expired -> BUZZER OFF
2026-09-23 03:29:46,519 - [ALARM][CAMERA] PERSON detected -> BUZZER ON for 2 seconds
2026-09-23 03:29:51,786 - [ALARM][CAMERA] PERSON detected -> BUZZER ON for 2 seconds
2026-09-23 03:29:56,484 - [ALARM][CAMERA] 2-second alarm expired -> BUZZER OFF
2026-09-23 03:30:05,972 - [ALARM][CAMERA] 2-second alarm expired -> BUZZER OFF
2026-09-23 03:30:16,514 - [ALARM][CAMERA] 2-second alarm expired -> BUZZER OFF
2026-09-23 03:30:25,021 - [ALARM][CAMERA] 2-second alarm expired -> BUZZER OFF
2026-09-23 03:30:25,579 - [ALARM][CAMERA] PERSON detected -> BUZZER ON for 2 seconds
2026-09-23 03:30:26,656 - [ALARM][CAMERA] PERSON detected -> BUZZER ON for 2 seconds
2026-09-23 03:30:32,516 - [ALARM][CAMERA] 2-second alarm expired -> BUZZER OFF
2026-09-23 03:30:37,560 - [ALARM][CAMERA] 2-second alarm expired -> BUZZER OFF
2026-09-23 03:30:37,578 - [ALARM][CAMERA] PERSON detected -> BUZZER ON for 2 seconds
2026-09-23 03:30:39,128 - [ALARM][CAMERA] PERSON detected -> BUZZER ON for 2 seconds
2026-09-23 03:30:40,887 - [ALARM][CAMERA] PERSON detected -> BUZZER ON for 2 seconds
2026-09-23 03:30:43,075 - [ALARM][CAMERA] 2-second alarm expired -> BUZZER OFF
2026-09-23 03:30:47,477 - [ALARM][CAMERA] PERSON detected -> BUZZER ON for 2 seconds
2026-09-23 03:30:51,636 - [ALARM][SENSOR][PIR] Detection -> BUZZER ON for 5 seconds
2026-09-23 03:30:52,596 - [ALARM][CAMERA] 2-second alarm expired -> BUZZER OFF
2026-09-23 03:30:53,490 - [ALARM][CAMERA] PERSON detected -> BUZZER ON for 2 seconds
2026-09-23 03:30:55,141 - [ALARM][CAMERA] PERSON detected -> BUZZER ON for 2 seconds
2026-09-23 03:30:57,104 - [ALARM][SENSOR] 5-second alarm expired -> BUZZER OFF
2026-09-23 03:31:00,122 - [ALARM][CAMERA] 2-second alarm expired -> BUZZER OFF
2026-09-23 03:31:07,626 - [ALARM][CAMERA] 2-second alarm expired -> BUZZER OFF
2026-09-23 03:31:14,688 - [ALARM][CAMERA] 2-second alarm expired -> BUZZER OFF
2026-09-23 03:31:22,305 - [ALARM][CAMERA] 2-second alarm expired -> BUZZER OFF
2026-09-23 03:31:26,819 - [ALARM][CAMERA] 2-second alarm expired -> BUZZER OFF
2026-09-23 03:31:31,335 - [ALARM][CAMERA] 2-second alarm expired -> BUZZER OFF
2026-09-23 03:31:35,840 - [ALARM][CAMERA] 2-second alarm expired -> BUZZER OFF
2026-09-23 03:31:36,053 - [ALARM][CAMERA] PERSON detected -> BUZZER ON for 2 seconds
2026-09-23 03:31:38,335 - [ALARM][CAMERA] 2-second alarm expired -> BUZZER OFF
2026-09-23 03:31:40,841 - [ALARM][CAMERA] 2-second alarm expired -> BUZZER OFF
2026-09-23 03:31:46,847 - [ALARM][CAMERA] 2-second alarm expired -> BUZZER OFF
2026-09-23 03:31:55,558 - [ALARM][CAMERA] PERSON detected -> BUZZER ON for 2 seconds
2026-09-23 03:31:57,838 - [ALARM][CAMERA] 2-second alarm expired -> BUZZER OFF
2026-09-23 03:32:00,352 - [ALARM][CAMERA] 2-second alarm expired -> BUZZER OFF
2026-09-23 03:32:01,997 - [ALARM][CAMERA] PERSON detected -> BUZZER ON for 2 seconds
2026-09-23 03:32:01,997 - [ALARM][CAMERA] PERSON detected -> BUZZER ON for 2 seconds
2026-09-23 03:32:04,843 - [ALARM][CAMERA] 2-second alarm expired -> BUZZER OFF
2026-09-23 03:32:04,929 - [ALARM][CAMERA] PERSON detected -> BUZZER ON for 2 seconds
2026-09-23 03:32:11,020 - [ALARM][CAMERA] PERSON detected -> BUZZER ON for 2 seconds
2026-09-23 03:32:11,020 - [ALARM][CAMERA] PERSON detected -> BUZZER ON for 2 seconds
2026-09-23 03:32:14,340 - [ALARM][CAMERA] 2-second alarm expired -> BUZZER OFF
2026-09-23 03:32:18,860 - [ALARM][CAMERA] 2-second alarm expired -> BUZZER OFF
2026-09-23 03:32:23,446 - [ALARM][CAMERA] 2-second alarm expired -> BUZZER OFF
2026-09-23 03:32:30,955 - [ALARM][CAMERA] 2-second alarm expired -> BUZZER OFF
2026-09-23 03:32:35,346 - [ALARM][CAMERA] PERSON detected -> BUZZER ON for 2 seconds
2026-09-23 03:32:37,208 - [ALARM][SENSOR][PIR] Detection -> BUZZER ON for 5 seconds
2026-09-23 03:32:37,504 - [ALARM][CAMERA] 2-second alarm expired -> BUZZER OFF
2026-09-23 03:32:42,530 - [ALARM][SENSOR] 5-second alarm expired -> BUZZER OFF
2026-09-23 03:32:43,033 - [ALARM][CAMERA] 2-second alarm expired -> BUZZER OFF
2026-09-23 03:32:43,377 - [ALARM][CAMERA] PERSON detected -> BUZZER ON for 2 seconds
2026-09-23 03:32:45,602 - [ALARM][CAMERA] 2-second alarm expired -> BUZZER OFF
2026-09-23 03:32:49,582 - [ALARM][CAMERA] 2-second alarm expired -> BUZZER OFF
2026-09-23 03:32:54,095 - [ALARM][CAMERA] 2-second alarm expired -> BUZZER OFF
2026-09-23 03:32:58,576 - [ALARM][CAMERA] 2-second alarm expired -> BUZZER OFF
2026-09-23 03:33:03,200 - [ALARM][CAMERA] PERSON detected -> BUZZER ON for 2 seconds
2026-09-23 03:33:05,579 - [ALARM][CAMERA] 2-second alarm expired -> BUZZER OFF
2026-09-23 03:33:08,222 - [ALARM][CAMERA] PERSON detected -> BUZZER ON for 2 seconds
2026-09-23 03:33:11,632 - [ALARM][CAMERA] 2-second alarm expired -> BUZZER OFF
2026-09-23 03:33:19,644 - [ALARM][CAMERA] 2-second alarm expired -> BUZZER OFF
2026-09-23 03:33:24,180 - [ALARM][CAMERA] 2-second alarm expired -> BUZZER OFF
2026-09-23 03:33:30,179 - [ALARM][CAMERA] 2-second alarm expired -> BUZZER OFF
2026-09-23 03:33:34,673 - [ALARM][CAMERA] 2-second alarm expired -> BUZZER OFF
2026-09-23 03:33:39,182 - [ALARM][CAMERA] 2-second alarm expired -> BUZZER OFF
2026-09-23 03:33:43,722 - [ALARM][CAMERA] 2-second alarm expired -> BUZZER OFF
2026-09-23 03:33:44,110 - [ALARM][CAMERA] PERSON detected -> BUZZER ON for 2 seconds
2026-09-23 03:33:47,839 - [ALARM][CAMERA] PERSON detected -> BUZZER ON for 2 seconds
2026-09-23 03:33:50,208 - [ALARM][CAMERA] 2-second alarm expired -> BUZZER OFF
2026-09-23 03:33:53,223 - [ALARM][CAMERA] 2-second alarm expired -> BUZZER OFF
2026-09-23 03:33:56,223 - [ALARM][CAMERA] PERSON detected -> BUZZER ON for 2 seconds
2026-09-23 03:33:58,700 - [ALARM][CAMERA] 2-second alarm expired -> BUZZER OFF
2026-09-23 03:33:59,711 - [ALARM][CAMERA] PERSON detected -> BUZZER ON for 2 seconds
2026-09-23 03:34:00,647 - [ALARM][CAMERA] PERSON detected -> BUZZER ON for 2 seconds
2026-09-23 03:34:01,114 - [ALARM][SENSOR][PIR] Detection -> BUZZER ON for 5 seconds
2026-09-23 03:34:04,205 - [ALARM][CAMERA] 2-second alarm expired -> BUZZER OFF
2026-09-23 03:34:05,802 - [ALARM][CAMERA] PERSON detected -> BUZZER ON for 2 seconds
2026-09-23 03:34:06,203 - [ALARM][SENSOR] 5-second alarm expired -> BUZZER OFF
2026-09-23 03:34:06,965 - [ALARM][CAMERA] PERSON detected -> BUZZER ON for 2 seconds
2026-09-23 03:34:08,064 - [ALARM][CAMERA] PERSON detected -> BUZZER ON for 2 seconds
2026-09-23 03:34:08,917 - [ALARM][CAMERA] PERSON detected -> BUZZER ON for 2 seconds
2026-09-23 03:34:12,704 - [ALARM][CAMERA] 2-second alarm expired -> BUZZER OFF
2026-09-23 03:34:14,935 - [ALARM][CAMERA] PERSON detected -> BUZZER ON for 2 seconds
2026-09-23 03:34:17,204 - [ALARM][CAMERA] 2-second alarm expired -> BUZZER OFF
2026-09-23 03:34:19,109 - [ALARM][CAMERA] PERSON detected -> BUZZER ON for 2 seconds
2026-09-23 03:34:19,939 - [ALARM][CAMERA] PERSON detected -> BUZZER ON for 2 seconds
2026-09-23 03:34:21,189 - [ALARM][SENSOR][PIR] Detection -> BUZZER ON for 5 seconds
2026-09-23 03:34:24,088 - [ALARM][CAMERA] PERSON detected -> BUZZER ON for 2 seconds
2026-09-23 03:34:24,770 - [ALARM][CAMERA] PERSON detected -> BUZZER ON for 2 seconds
2026-09-23 03:34:26,198 - [ALARM][SENSOR] 5-second alarm expired -> BUZZER OFF
2026-09-23 03:34:27,211 - [ALARM][CAMERA] 2-second alarm expired -> BUZZER OFF
2026-09-23 03:34:28,349 - [ALARM][CAMERA] PERSON detected -> BUZZER ON for 2 seconds
2026-09-23 03:34:29,510 - [ALARM][CAMERA] PERSON detected -> BUZZER ON for 2 seconds
2026-09-23 03:34:29,510 - [ALARM][CAMERA] PERSON detected -> BUZZER ON for 2 seconds
2026-09-23 03:34:36,259 - [ALARM][CAMERA] 2-second alarm expired -> BUZZER OFF
2026-09-23 03:34:46,254 - [ALARM][CAMERA] 2-second alarm expired -> BUZZER OFF
2026-09-23 03:34:54,765 - [ALARM][CAMERA] 2-second alarm expired -> BUZZER OFF
2026-09-23 03:35:00,790 - [ALARM][CAMERA] 2-second alarm expired -> BUZZER OFF
2026-09-23 03:35:06,003 - [ALARM][CAMERA] PERSON detected -> BUZZER ON for 2 seconds
2026-09-23 03:35:08,294 - [ALARM][CAMERA] 2-second alarm expired -> BUZZER OFF
2026-09-23 03:35:11,064 - [ALARM][CAMERA] PERSON detected -> BUZZER ON for 2 seconds
2026-09-23 03:35:14,931 - [ALARM][CAMERA] 2-second alarm expired -> BUZZER OFF
2026-09-23 03:35:20,958 - [ALARM][CAMERA] 2-second alarm expired -> BUZZER OFF
2026-09-23 03:35:26,968 - [ALARM][CAMERA] 2-second alarm expired -> BUZZER OFF
2026-09-23 03:35:30,968 - [ALARM][CAMERA] 2-second alarm expired -> BUZZER OFF
2026-09-23 03:35:35,959 - [ALARM][CAMERA] 2-second alarm expired -> BUZZER OFF
2026-09-23 03:35:40,553 - [ALARM][CAMERA] PERSON detected -> BUZZER ON for 2 seconds
2026-09-23 03:35:42,692 - [ALARM][CAMERA] PERSON detected -> BUZZER ON for 2 seconds
2026-09-23 03:35:43,370 - [ALARM][CAMERA] PERSON detected -> BUZZER ON for 2 seconds
2026-09-23 03:35:45,469 - [ALARM][CAMERA] 2-second alarm expired -> BUZZER OFF
2026-09-23 03:35:47,285 - [ALARM][CAMERA] PERSON detected -> BUZZER ON for 2 seconds
2026-09-23 03:35:47,983 - [ALARM][CAMERA] PERSON detected -> BUZZER ON for 2 seconds
2026-09-23 03:35:48,722 - [ALARM][CAMERA] PERSON detected -> BUZZER ON for 2 seconds
2026-09-23 03:35:48,723 - [ALARM][CAMERA] PERSON detected -> BUZZER ON for 2 seconds
2026-09-23 03:35:54,447 - [ALARM][CAMERA] 2-second alarm expired -> BUZZER OFF
2026-09-23 03:36:00,076 - [ALARM][CAMERA] PERSON detected -> BUZZER ON for 2 seconds
2026-09-23 03:36:00,692 - [ALARM][CAMERA] PERSON detected -> BUZZER ON for 2 seconds
2026-09-23 03:36:02,064 - [ALARM][CAMERA] PERSON detected -> BUZZER ON for 2 seconds
2026-09-23 03:36:02,798 - [ALARM][CAMERA] PERSON detected -> BUZZER ON for 2 seconds
2026-09-23 03:36:04,823 - [ALARM][CAMERA] PERSON detected -> BUZZER ON for 2 seconds
2026-09-23 03:36:05,265 - [ALARM][SENSOR][PIR] Detection -> BUZZER ON for 5 seconds
2026-09-23 03:36:07,867 - [ALARM][CAMERA] PERSON detected -> BUZZER ON for 2 seconds
2026-09-23 03:36:10,007 - [ALARM][CAMERA] 2-second alarm expired -> BUZZER OFF
2026-09-23 03:36:10,596 - [ALARM][SENSOR] 5-second alarm expired -> BUZZER OFF
2026-09-23 03:36:10,742 - [ALARM][CAMERA] PERSON detected -> BUZZER ON for 2 seconds
2026-09-23 03:36:13,117 - [ALARM][CAMERA] PERSON detected -> BUZZER ON for 2 seconds
2026-09-23 03:36:16,704 - [ALARM][CAMERA] 2-second alarm expired -> BUZZER OFF
2026-09-23 03:36:24,707 - [ALARM][CAMERA] 2-second alarm expired -> BUZZER OFF
2026-09-24 03:10:37,949 - [ALARM][CAMERA] PERSON detected -> BUZZER ON for 2 seconds
2026-09-24 03:10:40,083 - [ALARM][CAMERA] 2-second alarm expired -> BUZZER OFF
2026-09-24 03:10:42,312 - Starting background VLM surveillance pipeline...
2026-09-24 03:11:31,786 - [ALARM][CAMERA] 2-second alarm expired -> BUZZER OFF
2026-09-24 03:11:35,891 - [ALARM][CAMERA] 2-second alarm expired -> BUZZER OFF
2026-09-24 03:11:39,898 - [ALARM][CAMERA] 2-second alarm expired -> BUZZER OFF
2026-09-24 03:11:50,069 - [ALARM][CAMERA] 2-second alarm expired -> BUZZER OFF
2026-09-24 03:12:03,254 - [ALARM][CAMERA] 2-second alarm expired -> BUZZER OFF
2026-09-24 03:12:13,399 - [ALARM][CAMERA] 2-second alarm expired -> BUZZER OFF
2026-09-24 03:12:23,609 - [ALARM][CAMERA] 2-second alarm expired -> BUZZER OFF
2026-09-24 03:12:33,830 - [ALARM][CAMERA] 2-second alarm expired -> BUZZER OFF
2026-09-24 03:12:40,991 - [ALARM][CAMERA] 2-second alarm expired -> BUZZER OFF
2026-09-24 03:12:45,110 - [ALARM][CAMERA] 2-second alarm expired -> BUZZER OFF
2026-09-24 03:12:52,254 - [ALARM][CAMERA] 2-second alarm expired -> BUZZER OFF
2026-09-24 03:13:02,440 - [ALARM][CAMERA] 2-second alarm expired -> BUZZER OFF
2026-09-24 03:13:12,902 - [ALARM][CAMERA] 2-second alarm expired -> BUZZER OFF
2026-09-24 03:13:17,406 - [ALARM][CAMERA] 2-second alarm expired -> BUZZER OFF
2026-09-24 03:13:24,902 - [ALARM][CAMERA] 2-second alarm expired -> BUZZER OFF
2026-09-24 03:13:35,411 - [ALARM][CAMERA] 2-second alarm expired -> BUZZER OFF
2026-09-24 03:13:42,403 - [ALARM][CAMERA] 2-second alarm expired -> BUZZER OFF
2026-09-24 03:13:52,901 - [ALARM][CAMERA] 2-second alarm expired -> BUZZER OFF
2026-09-24 03:14:02,900 - [ALARM][CAMERA] 2-second alarm expired -> BUZZER OFF
2026-09-24 03:14:13,443 - [ALARM][CAMERA] 2-second alarm expired -> BUZZER OFF
2026-09-24 03:14:17,455 - [ALARM][CAMERA] 2-second alarm expired -> BUZZER OFF
2026-09-24 03:14:24,993 - [ALARM][CAMERA] 2-second alarm expired -> BUZZER OFF
2026-09-24 03:14:35,482 - [ALARM][CAMERA] 2-second alarm expired -> BUZZER OFF
2026-09-24 03:14:45,476 - [ALARM][CAMERA] 2-second alarm expired -> BUZZER OFF
2026-09-24 03:14:56,043 - [ALARM][CAMERA] 2-second alarm expired -> BUZZER OFF
2026-09-24 03:15:06,023 - [ALARM][CAMERA] 2-second alarm expired -> BUZZER OFF
2026-09-24 03:15:16,525 - [ALARM][CAMERA] 2-second alarm expired -> BUZZER OFF
2026-09-24 03:15:27,033 - [ALARM][CAMERA] 2-second alarm expired -> BUZZER OFF
2026-09-24 03:15:37,029 - [ALARM][CAMERA] 2-second alarm expired -> BUZZER OFF
2026-09-24 03:15:47,539 - [ALARM][CAMERA] 2-second alarm expired -> BUZZER OFF
2026-09-24 03:15:58,069 - [ALARM][CAMERA] 2-second alarm expired -> BUZZER OFF
2026-09-24 03:16:08,070 - [ALARM][CAMERA] 2-second alarm expired -> BUZZER OFF
2026-09-24 03:16:18,569 - [ALARM][CAMERA] 2-second alarm expired -> BUZZER OFF
2026-09-24 03:16:29,069 - [ALARM][CAMERA] 2-second alarm expired -> BUZZER OFF
2026-09-24 03:16:36,100 - [ALARM][CAMERA] 2-second alarm expired -> BUZZER OFF
2026-09-24 03:16:47,605 - [ALARM][CAMERA] 2-second alarm expired -> BUZZER OFF
2026-09-24 03:16:58,111 - [ALARM][CAMERA] 2-second alarm expired -> BUZZER OFF
2026-09-24 03:17:08,124 - [ALARM][CAMERA] 2-second alarm expired -> BUZZER OFF
2026-09-24 03:17:18,614 - [ALARM][CAMERA] 2-second alarm expired -> BUZZER OFF
2026-09-24 03:17:29,101 - [ALARM][CAMERA] 2-second alarm expired -> BUZZER OFF
2026-09-24 03:17:39,596 - [ALARM][CAMERA] 2-second alarm expired -> BUZZER OFF
2026-09-24 03:17:50,618 - [ALARM][CAMERA] 2-second alarm expired -> BUZZER OFF
2026-09-24 03:18:01,118 - [ALARM][CAMERA] 2-second alarm expired -> BUZZER OFF
2026-09-24 03:18:08,608 - [ALARM][CAMERA] 2-second alarm expired -> BUZZER OFF
2026-09-24 03:18:13,115 - [ALARM][CAMERA] 2-second alarm expired -> BUZZER OFF
2026-09-24 03:18:20,157 - [ALARM][CAMERA] 2-second alarm expired -> BUZZER OFF
2026-09-24 03:18:27,659 - [ALARM][CAMERA] 2-second alarm expired -> BUZZER OFF
2026-09-24 03:18:31,698 - [ALARM][CAMERA] 2-second alarm expired -> BUZZER OFF
2026-09-24 03:18:39,813 - [ALARM][CAMERA] PERSON detected -> BUZZER ON for 2 seconds
2026-09-24 03:18:42,192 - [ALARM][CAMERA] 2-second alarm expired -> BUZZER OFF
2026-09-24 03:18:45,006 - [ALARM][CAMERA] PERSON detected -> BUZZER ON for 2 seconds
2026-09-24 03:18:47,199 - [ALARM][CAMERA] 2-second alarm expired -> BUZZER OFF
2026-09-24 03:18:47,846 - [ALARM][CAMERA] PERSON detected -> BUZZER ON for 2 seconds
2026-09-24 03:18:50,200 - [ALARM][CAMERA] 2-second alarm expired -> BUZZER OFF
2026-09-24 03:18:54,495 - [ALARM][CAMERA] PERSON detected -> BUZZER ON for 2 seconds
2026-09-24 03:18:56,698 - [ALARM][CAMERA] 2-second alarm expired -> BUZZER OFF
2026-09-24 03:19:01,498 - [ALARM][CAMERA] PERSON detected -> BUZZER ON for 2 seconds
2026-09-24 03:19:03,703 - [ALARM][CAMERA] 2-second alarm expired -> BUZZER OFF
2026-09-24 03:19:05,307 - [ALARM][CAMERA] PERSON detected -> BUZZER ON for 2 seconds
2026-09-24 03:19:07,307 - [ALARM][CAMERA] PERSON detected -> BUZZER ON for 2 seconds
2026-09-24 03:19:09,693 - [ALARM][CAMERA] 2-second alarm expired -> BUZZER OFF
2026-09-24 03:19:12,078 - [ALARM][CAMERA] PERSON detected -> BUZZER ON for 2 seconds
2026-09-24 03:19:16,213 - [ALARM][CAMERA] 2-second alarm expired -> BUZZER OFF
2026-09-24 03:19:17,790 - [ALARM][CAMERA] PERSON detected -> BUZZER ON for 2 seconds
2026-09-24 03:19:20,205 - [ALARM][CAMERA] 2-second alarm expired -> BUZZER OFF
2026-09-24 03:19:26,206 - [ALARM][CAMERA] 2-second alarm expired -> BUZZER OFF
2026-09-24 03:19:26,249 - [ALARM][CAMERA] PERSON detected -> BUZZER ON for 2 seconds
2026-09-24 03:19:28,709 - [ALARM][CAMERA] 2-second alarm expired -> BUZZER OFF
2026-09-24 03:19:35,050 - [ALARM][CAMERA] PERSON detected -> BUZZER ON for 2 seconds
2026-09-24 03:19:37,214 - [ALARM][CAMERA] 2-second alarm expired -> BUZZER OFF
2026-09-24 03:19:39,364 - [ALARM][CAMERA] PERSON detected -> BUZZER ON for 2 seconds
2026-09-24 03:19:41,708 - [ALARM][CAMERA] 2-second alarm expired -> BUZZER OFF
2026-09-24 03:19:44,318 - [ALARM][CAMERA] PERSON detected -> BUZZER ON for 2 seconds
2026-09-24 03:19:46,138 - [ALARM][CAMERA] PERSON detected -> BUZZER ON for 2 seconds
2026-09-24 03:19:48,093 - [ALARM][CAMERA] PERSON detected -> BUZZER ON for 2 seconds
2026-09-24 03:19:49,887 - [ALARM][CAMERA] PERSON detected -> BUZZER ON for 2 seconds
2026-09-24 03:19:52,205 - [ALARM][CAMERA] 2-second alarm expired -> BUZZER OFF
2026-09-24 03:19:54,701 - [ALARM][CAMERA] 2-second alarm expired -> BUZZER OFF
2026-09-24 03:19:59,651 - [ALARM][CAMERA] PERSON detected -> BUZZER ON for 2 seconds
2026-09-24 03:20:01,702 - [ALARM][CAMERA] 2-second alarm expired -> BUZZER OFF
2026-09-24 03:20:02,720 - [ALARM][CAMERA] PERSON detected -> BUZZER ON for 2 seconds
2026-09-24 03:20:05,190 - [ALARM][CAMERA] 2-second alarm expired -> BUZZER OFF
2026-09-24 03:20:06,648 - [ALARM][CAMERA] PERSON detected -> BUZZER ON for 2 seconds
2026-09-24 03:20:08,479 - [ALARM][CAMERA] PERSON detected -> BUZZER ON for 2 seconds
2026-09-24 03:20:10,702 - [ALARM][CAMERA] 2-second alarm expired -> BUZZER OFF
2026-09-24 03:20:12,244 - [ALARM][CAMERA] PERSON detected -> BUZZER ON for 2 seconds
2026-09-24 03:20:15,691 - [ALARM][CAMERA] 2-second alarm expired -> BUZZER OFF
2026-09-24 03:20:15,719 - [ALARM][CAMERA] PERSON detected -> BUZZER ON for 2 seconds
2026-09-24 03:20:18,191 - [ALARM][CAMERA] 2-second alarm expired -> BUZZER OFF
2026-09-24 03:20:25,726 - [ALARM][CAMERA] PERSON detected -> BUZZER ON for 2 seconds
2026-09-24 03:20:28,202 - [ALARM][CAMERA] 2-second alarm expired -> BUZZER OFF
2026-09-24 03:20:32,534 - [ALARM][CAMERA] PERSON detected -> BUZZER ON for 2 seconds
2026-09-24 03:20:35,807 - [ALARM][CAMERA] PERSON detected -> BUZZER ON for 2 seconds
2026-09-24 03:20:38,223 - [ALARM][CAMERA] 2-second alarm expired -> BUZZER OFF
2026-09-24 03:20:40,358 - [ALARM][CAMERA] PERSON detected -> BUZZER ON for 2 seconds
2026-09-24 03:20:42,751 - [ALARM][CAMERA] 2-second alarm expired -> BUZZER OFF
2026-09-24 03:20:45,140 - [ALARM][CAMERA] PERSON detected -> BUZZER ON for 2 seconds
2026-09-24 03:20:47,227 - [ALARM][CAMERA] 2-second alarm expired -> BUZZER OFF
2026-09-24 03:20:56,782 - [ALARM][CAMERA] 2-second alarm expired -> BUZZER OFF
2026-09-24 03:21:07,280 - [ALARM][CAMERA] 2-second alarm expired -> BUZZER OFF
2026-09-24 03:21:08,559 - [ALARM][CAMERA] PERSON detected -> BUZZER ON for 2 seconds
2026-09-24 03:21:10,771 - [ALARM][CAMERA] 2-second alarm expired -> BUZZER OFF
2026-09-24 03:21:10,775 - [ALARM][CAMERA] PERSON detected -> BUZZER ON for 2 seconds
2026-09-24 03:21:12,779 - [ALARM][CAMERA] 2-second alarm expired -> BUZZER OFF
2026-09-24 03:21:17,777 - [ALARM][CAMERA] 2-second alarm expired -> BUZZER OFF
2026-09-24 03:21:28,282 - [ALARM][CAMERA] 2-second alarm expired -> BUZZER OFF
2026-09-24 03:21:34,063 - [ALARM][CAMERA] PERSON detected -> BUZZER ON for 2 seconds
2026-09-24 03:21:37,257 - [ALARM][CAMERA] PERSON detected -> BUZZER ON for 2 seconds
2026-09-24 03:21:39,285 - [ALARM][CAMERA] 2-second alarm expired -> BUZZER OFF
2026-09-24 03:21:41,690 - [ALARM][CAMERA] PERSON detected -> BUZZER ON for 2 seconds
2026-09-24 03:21:43,774 - [ALARM][CAMERA] 2-second alarm expired -> BUZZER OFF
2026-09-24 03:21:44,836 - [ALARM][CAMERA] PERSON detected -> BUZZER ON for 2 seconds
2026-09-24 03:21:46,651 - [ALARM][CAMERA] PERSON detected -> BUZZER ON for 2 seconds
2026-09-24 03:21:48,778 - [ALARM][CAMERA] 2-second alarm expired -> BUZZER OFF
2026-09-24 03:21:49,374 - [ALARM][CAMERA] PERSON detected -> BUZZER ON for 2 seconds
2026-09-24 03:21:51,776 - [ALARM][CAMERA] 2-second alarm expired -> BUZZER OFF
2026-09-24 03:21:54,398 - [ALARM][CAMERA] PERSON detected -> BUZZER ON for 2 seconds
2026-09-24 03:21:56,796 - [ALARM][CAMERA] 2-second alarm expired -> BUZZER OFF
2026-09-24 03:22:00,410 - [ALARM][CAMERA] PERSON detected -> BUZZER ON for 2 seconds
2026-09-24 03:22:01,698 - [ALARM][CAMERA] PERSON detected -> BUZZER ON for 2 seconds
2026-09-24 03:22:03,777 - [ALARM][CAMERA] 2-second alarm expired -> BUZZER OFF
2026-09-24 03:22:04,152 - [ALARM][CAMERA] PERSON detected -> BUZZER ON for 2 seconds
2026-09-24 03:22:07,774 - [ALARM][CAMERA] 2-second alarm expired -> BUZZER OFF
2026-09-24 03:22:09,570 - [ALARM][CAMERA] PERSON detected -> BUZZER ON for 2 seconds
2026-09-24 03:22:11,771 - [ALARM][CAMERA] 2-second alarm expired -> BUZZER OFF
2026-09-24 03:22:17,773 - [ALARM][CAMERA] 2-second alarm expired -> BUZZER OFF
2026-09-24 03:22:23,214 - [ALARM][CAMERA] PERSON detected -> BUZZER ON for 2 seconds
2026-09-24 03:22:25,285 - [ALARM][CAMERA] 2-second alarm expired -> BUZZER OFF
2026-09-24 03:22:25,770 - [ALARM][CAMERA] PERSON detected -> BUZZER ON for 2 seconds
2026-09-24 03:22:28,331 - [ALARM][CAMERA] 2-second alarm expired -> BUZZER OFF
2026-09-24 03:22:30,275 - [ALARM][CAMERA] PERSON detected -> BUZZER ON for 2 seconds
2026-09-24 03:22:32,323 - [ALARM][CAMERA] 2-second alarm expired -> BUZZER OFF
2026-09-24 03:22:32,519 - [ALARM][CAMERA] PERSON detected -> BUZZER ON for 2 seconds
2026-09-24 03:22:34,825 - [ALARM][CAMERA] 2-second alarm expired -> BUZZER OFF
2026-09-24 03:22:35,678 - [ALARM][CAMERA] PERSON detected -> BUZZER ON for 2 seconds
2026-09-24 03:22:37,348 - [ALARM][CAMERA] PERSON detected -> BUZZER ON for 2 seconds
2026-09-24 03:22:39,834 - [ALARM][CAMERA] 2-second alarm expired -> BUZZER OFF
2026-09-24 03:22:40,150 - [ALARM][CAMERA] PERSON detected -> BUZZER ON for 2 seconds
2026-09-24 03:22:42,233 - [ALARM][CAMERA] PERSON detected -> BUZZER ON for 2 seconds
2026-09-24 03:22:43,741 - [ALARM][CAMERA] PERSON detected -> BUZZER ON for 2 seconds
2026-09-24 03:22:45,821 - [ALARM][CAMERA] 2-second alarm expired -> BUZZER OFF
2026-09-24 03:22:46,918 - [ALARM][CAMERA] PERSON detected -> BUZZER ON for 2 seconds
2026-09-24 03:22:49,328 - [ALARM][CAMERA] 2-second alarm expired -> BUZZER OFF
2026-09-24 03:22:51,803 - [ALARM][CAMERA] PERSON detected -> BUZZER ON for 2 seconds
2026-09-24 03:22:53,821 - [ALARM][CAMERA] 2-second alarm expired -> BUZZER OFF
2026-09-24 03:22:59,316 - [ALARM][CAMERA] 2-second alarm expired -> BUZZER OFF
2026-09-24 03:23:02,389 - [ALARM][CAMERA] PERSON detected -> BUZZER ON for 2 seconds
2026-09-24 03:23:04,543 - [ALARM][CAMERA] PERSON detected -> BUZZER ON for 2 seconds
2026-09-24 03:23:06,835 - [ALARM][CAMERA] 2-second alarm expired -> BUZZER OFF
2026-09-24 03:23:09,823 - [ALARM][CAMERA] 2-second alarm expired -> BUZZER OFF
2026-09-24 03:23:11,506 - [ALARM][CAMERA] PERSON detected -> BUZZER ON for 2 seconds
2026-09-24 03:23:13,821 - [ALARM][CAMERA] 2-second alarm expired -> BUZZER OFF
2026-09-24 03:23:15,458 - [ALARM][CAMERA] PERSON detected -> BUZZER ON for 2 seconds
2026-09-24 03:23:17,425 - [ALARM][CAMERA] PERSON detected -> BUZZER ON for 2 seconds
2026-09-24 03:23:20,245 - [ALARM][CAMERA] PERSON detected -> BUZZER ON for 2 seconds
2026-09-24 03:23:22,316 - [ALARM][CAMERA] 2-second alarm expired -> BUZZER OFF
2026-09-24 03:23:24,899 - [ALARM][CAMERA] PERSON detected -> BUZZER ON for 2 seconds
2026-09-24 03:23:27,314 - [ALARM][CAMERA] 2-second alarm expired -> BUZZER OFF
2026-09-24 03:23:30,828 - [ALARM][CAMERA] 2-second alarm expired -> BUZZER OFF
2026-09-24 03:23:31,935 - [ALARM][CAMERA] PERSON detected -> BUZZER ON for 2 seconds
2026-09-24 03:23:34,324 - [ALARM][CAMERA] 2-second alarm expired -> BUZZER OFF
2026-09-24 03:23:40,196 - [ALARM][CAMERA] PERSON detected -> BUZZER ON for 2 seconds
2026-09-24 03:23:42,142 - [ALARM][CAMERA] PERSON detected -> BUZZER ON for 2 seconds
2026-09-24 03:23:44,317 - [ALARM][CAMERA] 2-second alarm expired -> BUZZER OFF
2026-09-24 03:23:47,662 - [ALARM][CAMERA] PERSON detected -> BUZZER ON for 2 seconds
2026-09-24 03:23:49,822 - [ALARM][CAMERA] 2-second alarm expired -> BUZZER OFF
2026-09-24 03:23:51,675 - [ALARM][CAMERA] PERSON detected -> BUZZER ON for 2 seconds
2026-09-24 03:23:53,823 - [ALARM][CAMERA] 2-second alarm expired -> BUZZER OFF
2026-09-24 03:23:55,683 - [ALARM][CAMERA] PERSON detected -> BUZZER ON for 2 seconds
2026-09-24 03:23:59,324 - [ALARM][CAMERA] 2-second alarm expired -> BUZZER OFF
2026-09-24 03:23:59,987 - [ALARM][CAMERA] PERSON detected -> BUZZER ON for 2 seconds
2026-09-24 03:24:02,327 - [ALARM][CAMERA] 2-second alarm expired -> BUZZER OFF
2026-09-24 03:24:04,188 - [ALARM][CAMERA] PERSON detected -> BUZZER ON for 2 seconds
2026-09-24 03:24:06,319 - [ALARM][CAMERA] 2-second alarm expired -> BUZZER OFF
2026-09-24 03:24:07,456 - [ALARM][CAMERA] PERSON detected -> BUZZER ON for 2 seconds
2026-09-24 03:24:09,623 - [ALARM][CAMERA] PERSON detected -> BUZZER ON for 2 seconds
2026-09-24 03:24:11,825 - [ALARM][CAMERA] 2-second alarm expired -> BUZZER OFF
2026-09-24 03:24:12,549 - [ALARM][CAMERA] PERSON detected -> BUZZER ON for 2 seconds
2026-09-24 03:24:14,827 - [ALARM][CAMERA] 2-second alarm expired -> BUZZER OFF
2026-09-24 03:24:15,651 - [ALARM][CAMERA] PERSON detected -> BUZZER ON for 2 seconds
2026-09-24 03:24:17,818 - [ALARM][CAMERA] 2-second alarm expired -> BUZZER OFF
2026-09-24 03:24:17,889 - [ALARM][CAMERA] PERSON detected -> BUZZER ON for 2 seconds
2026-09-24 03:24:19,819 - [ALARM][CAMERA] PERSON detected -> BUZZER ON for 2 seconds
2026-09-24 03:24:21,828 - [ALARM][CAMERA] 2-second alarm expired -> BUZZER OFF
2026-09-24 03:24:24,833 - [ALARM][CAMERA] PERSON detected -> BUZZER ON for 2 seconds
2026-09-24 03:24:26,813 - [ALARM][CAMERA] PERSON detected -> BUZZER ON for 2 seconds
2026-09-24 03:24:30,143 - [ALARM][CAMERA] PERSON detected -> BUZZER ON for 2 seconds
2026-09-24 03:24:32,331 - [ALARM][CAMERA] 2-second alarm expired -> BUZZER OFF
2026-09-24 03:24:38,481 - [ALARM][CAMERA] PERSON detected -> BUZZER ON for 2 seconds
2026-09-24 03:24:40,846 - [ALARM][CAMERA] 2-second alarm expired -> BUZZER OFF
2026-09-24 03:24:41,562 - [ALARM][CAMERA] PERSON detected -> BUZZER ON for 2 seconds
2026-09-24 03:24:43,571 - [ALARM][CAMERA] PERSON detected -> BUZZER ON for 2 seconds
2026-09-24 03:24:45,852 - [ALARM][CAMERA] 2-second alarm expired -> BUZZER OFF
2026-09-24 03:24:51,360 - [ALARM][CAMERA] 2-second alarm expired -> BUZZER OFF
2026-09-24 03:24:51,940 - [ALARM][CAMERA] PERSON detected -> BUZZER ON for 2 seconds
2026-09-24 03:24:54,352 - [ALARM][CAMERA] 2-second alarm expired -> BUZZER OFF
2026-09-24 03:24:58,928 - [ALARM][CAMERA] PERSON detected -> BUZZER ON for 2 seconds
2026-09-24 03:25:01,868 - [ALARM][CAMERA] 2-second alarm expired -> BUZZER OFF
2026-09-24 03:25:01,970 - [ALARM][CAMERA] PERSON detected -> BUZZER ON for 2 seconds
2026-09-24 03:25:04,365 - [ALARM][CAMERA] 2-second alarm expired -> BUZZER OFF
2026-09-24 03:25:09,785 - [ALARM][CAMERA] PERSON detected -> BUZZER ON for 2 seconds
2026-09-24 03:25:11,871 - [ALARM][CAMERA] 2-second alarm expired -> BUZZER OFF
2026-09-24 03:25:14,851 - [ALARM][CAMERA] 2-second alarm expired -> BUZZER OFF
2026-09-24 03:25:15,048 - [ALARM][CAMERA] PERSON detected -> BUZZER ON for 2 seconds
2026-09-24 03:25:17,357 - [ALARM][CAMERA] 2-second alarm expired -> BUZZER OFF
2026-09-24 03:25:18,870 - [ALARM][CAMERA] PERSON detected -> BUZZER ON for 2 seconds
2026-09-24 03:25:22,357 - [ALARM][CAMERA] 2-second alarm expired -> BUZZER OFF
2026-09-24 03:25:33,892 - [ALARM][CAMERA] PERSON detected -> BUZZER ON for 2 seconds
2026-09-24 03:25:36,349 - [ALARM][CAMERA] 2-second alarm expired -> BUZZER OFF
2026-09-24 03:25:39,695 - [ALARM][CAMERA] PERSON detected -> BUZZER ON for 2 seconds
2026-09-24 03:25:41,856 - [ALARM][CAMERA] 2-second alarm expired -> BUZZER OFF
2026-09-24 03:25:46,724 - [ALARM][CAMERA] PERSON detected -> BUZZER ON for 2 seconds
2026-09-24 03:25:49,359 - [ALARM][CAMERA] 2-second alarm expired -> BUZZER OFF
2026-09-24 03:25:50,767 - [ALARM][CAMERA] PERSON detected -> BUZZER ON for 2 seconds
2026-09-24 03:25:53,866 - [ALARM][CAMERA] 2-second alarm expired -> BUZZER OFF
2026-09-24 03:25:54,004 - [ALARM][CAMERA] PERSON detected -> BUZZER ON for 2 seconds
2026-09-24 03:25:58,349 - [ALARM][CAMERA] 2-second alarm expired -> BUZZER OFF
2026-09-24 03:26:06,332 - [ALARM][CAMERA] PERSON detected -> BUZZER ON for 2 seconds
2026-09-24 03:26:08,287 - [ALARM][CAMERA] PERSON detected -> BUZZER ON for 2 seconds
2026-09-24 03:26:10,279 - [ALARM][CAMERA] PERSON detected -> BUZZER ON for 2 seconds
2026-09-24 03:26:12,366 - [ALARM][CAMERA] 2-second alarm expired -> BUZZER OFF
2026-09-24 03:26:13,306 - [ALARM][CAMERA] PERSON detected -> BUZZER ON for 2 seconds
2026-09-24 03:26:15,355 - [ALARM][CAMERA] 2-second alarm expired -> BUZZER OFF
2026-09-24 03:26:18,861 - [ALARM][CAMERA] 2-second alarm expired -> BUZZER OFF
2026-09-24 03:26:20,508 - [ALARM][CAMERA] PERSON detected -> BUZZER ON for 2 seconds
2026-09-24 03:26:22,855 - [ALARM][CAMERA] 2-second alarm expired -> BUZZER OFF
2026-09-24 03:26:24,513 - [ALARM][CAMERA] PERSON detected -> BUZZER ON for 2 seconds
2026-09-24 03:26:26,861 - [ALARM][CAMERA] 2-second alarm expired -> BUZZER OFF
2026-09-24 03:26:28,650 - [ALARM][CAMERA] PERSON detected -> BUZZER ON for 2 seconds
2026-09-24 03:26:32,352 - [ALARM][CAMERA] 2-second alarm expired -> BUZZER OFF
2026-09-24 03:26:34,704 - [ALARM][CAMERA] PERSON detected -> BUZZER ON for 2 seconds
2026-09-24 03:26:36,574 - [ALARM][CAMERA] PERSON detected -> BUZZER ON for 2 seconds
2026-09-24 03:26:38,852 - [ALARM][CAMERA] 2-second alarm expired -> BUZZER OFF
2026-09-24 03:26:40,296 - [ALARM][CAMERA] PERSON detected -> BUZZER ON for 2 seconds
2026-09-24 03:26:42,859 - [ALARM][CAMERA] 2-second alarm expired -> BUZZER OFF
2026-09-24 03:26:43,188 - [ALARM][CAMERA] PERSON detected -> BUZZER ON for 2 seconds
2026-09-24 03:26:45,358 - [ALARM][CAMERA] 2-second alarm expired -> BUZZER OFF
2026-09-24 03:26:47,905 - [ALARM][CAMERA] PERSON detected -> BUZZER ON for 2 seconds
2026-09-24 03:26:49,921 - [ALARM][CAMERA] PERSON detected -> BUZZER ON for 2 seconds
2026-09-24 03:26:52,847 - [ALARM][CAMERA] 2-second alarm expired -> BUZZER OFF
2026-09-24 03:26:56,037 - [ALARM][CAMERA] PERSON detected -> BUZZER ON for 2 seconds
2026-09-24 03:26:58,367 - [ALARM][CAMERA] 2-second alarm expired -> BUZZER OFF
2026-09-24 03:26:58,852 - [ALARM][CAMERA] PERSON detected -> BUZZER ON for 2 seconds
2026-09-24 03:27:01,367 - [ALARM][CAMERA] 2-second alarm expired -> BUZZER OFF
2026-09-24 03:27:04,355 - [ALARM][CAMERA] 2-second alarm expired -> BUZZER OFF
2026-09-24 03:27:07,741 - [ALARM][CAMERA] PERSON detected -> BUZZER ON for 2 seconds
2026-09-24 03:27:09,858 - [ALARM][CAMERA] 2-second alarm expired -> BUZZER OFF
2026-09-24 03:27:12,544 - [ALARM][CAMERA] PERSON detected -> BUZZER ON for 2 seconds
2026-09-24 03:27:14,866 - [ALARM][CAMERA] 2-second alarm expired -> BUZZER OFF
2026-09-24 03:27:15,389 - [ALARM][CAMERA] PERSON detected -> BUZZER ON for 2 seconds
2026-09-24 03:27:17,663 - [ALARM][CAMERA] PERSON detected -> BUZZER ON for 2 seconds
2026-09-24 03:27:19,420 - [ALARM][CAMERA] PERSON detected -> BUZZER ON for 2 seconds
2026-09-24 03:27:21,859 - [ALARM][CAMERA] 2-second alarm expired -> BUZZER OFF
2026-09-24 03:27:22,397 - [ALARM][CAMERA] PERSON detected -> BUZZER ON for 2 seconds
2026-09-24 03:27:24,872 - [ALARM][CAMERA] 2-second alarm expired -> BUZZER OFF
2026-09-24 03:27:25,369 - [ALARM][CAMERA] PERSON detected -> BUZZER ON for 2 seconds
2026-09-24 03:27:29,256 - [ALARM][CAMERA] PERSON detected -> BUZZER ON for 2 seconds
2026-09-24 03:27:31,354 - [ALARM][CAMERA] 2-second alarm expired -> BUZZER OFF
2026-09-24 03:27:33,034 - [ALARM][CAMERA] PERSON detected -> BUZZER ON for 2 seconds
2026-09-24 03:27:36,851 - [ALARM][CAMERA] 2-second alarm expired -> BUZZER OFF
2026-09-24 03:27:37,066 - [ALARM][CAMERA] PERSON detected -> BUZZER ON for 2 seconds
2026-09-24 03:27:39,359 - [ALARM][CAMERA] 2-second alarm expired -> BUZZER OFF
2026-09-24 03:27:41,952 - [ALARM][CAMERA] PERSON detected -> BUZZER ON for 2 seconds
2026-09-24 03:27:44,358 - [ALARM][CAMERA] 2-second alarm expired -> BUZZER OFF
2026-09-24 03:27:48,879 - [ALARM][CAMERA] PERSON detected -> BUZZER ON for 2 seconds
2026-09-24 03:27:51,359 - [ALARM][CAMERA] 2-second alarm expired -> BUZZER OFF
2026-09-24 03:27:57,055 - [ALARM][CAMERA] PERSON detected -> BUZZER ON for 2 seconds
2026-09-24 03:27:59,007 - [ALARM][CAMERA] PERSON detected -> BUZZER ON for 2 seconds
2026-09-24 03:28:01,240 - [ALARM][CAMERA] PERSON detected -> BUZZER ON for 2 seconds
2026-09-24 03:28:03,358 - [ALARM][CAMERA] 2-second alarm expired -> BUZZER OFF
2026-09-24 03:28:04,072 - [ALARM][CAMERA] PERSON detected -> BUZZER ON for 2 seconds
2026-09-24 03:28:06,354 - [ALARM][CAMERA] 2-second alarm expired -> BUZZER OFF
2026-09-24 03:28:07,998 - [ALARM][CAMERA] PERSON detected -> BUZZER ON for 2 seconds
2026-09-24 03:28:11,311 - [ALARM][CAMERA] PERSON detected -> BUZZER ON for 2 seconds
2026-09-24 03:28:13,361 - [ALARM][CAMERA] 2-second alarm expired -> BUZZER OFF
2026-09-24 03:28:16,849 - [ALARM][CAMERA] 2-second alarm expired -> BUZZER OFF
2026-09-24 03:28:18,769 - [ALARM][CAMERA] PERSON detected -> BUZZER ON for 2 seconds
2026-09-24 03:28:20,851 - [ALARM][CAMERA] 2-second alarm expired -> BUZZER OFF
2026-09-24 03:28:23,861 - [ALARM][CAMERA] 2-second alarm expired -> BUZZER OFF
2026-09-24 03:28:27,093 - [ALARM][CAMERA] PERSON detected -> BUZZER ON for 2 seconds
2026-09-24 03:28:28,126 - [ALARM][CAMERA] PERSON detected -> BUZZER ON for 2 seconds
2026-09-24 03:28:30,356 - [ALARM][CAMERA] 2-second alarm expired -> BUZZER OFF
2026-09-24 03:28:33,125 - [ALARM][CAMERA] PERSON detected -> BUZZER ON for 2 seconds
2026-09-24 03:28:37,362 - [ALARM][CAMERA] 2-second alarm expired -> BUZZER OFF
2026-09-24 03:28:39,916 - [ALARM][CAMERA] PERSON detected -> BUZZER ON for 2 seconds
2026-09-24 03:28:42,350 - [ALARM][CAMERA] 2-second alarm expired -> BUZZER OFF
2026-09-24 03:28:43,205 - [ALARM][CAMERA] PERSON detected -> BUZZER ON for 2 seconds
2026-09-24 03:28:45,755 - [ALARM][CAMERA] PERSON detected -> BUZZER ON for 2 seconds
2026-09-24 03:28:47,855 - [ALARM][CAMERA] 2-second alarm expired -> BUZZER OFF
2026-09-24 03:28:48,247 - [ALARM][CAMERA] PERSON detected -> BUZZER ON for 2 seconds
2026-09-24 03:28:50,362 - [ALARM][CAMERA] 2-second alarm expired -> BUZZER OFF
2026-09-24 03:28:57,857 - [ALARM][CAMERA] 2-second alarm expired -> BUZZER OFF
2026-09-24 03:28:59,354 - [ALARM][CAMERA] PERSON detected -> BUZZER ON for 2 seconds
2026-09-24 03:29:01,358 - [ALARM][CAMERA] 2-second alarm expired -> BUZZER OFF
2026-09-24 03:29:01,832 - [ALARM][CAMERA] PERSON detected -> BUZZER ON for 2 seconds
2026-09-24 03:29:03,856 - [ALARM][CAMERA] 2-second alarm expired -> BUZZER OFF
2026-09-24 03:29:04,689 - [ALARM][CAMERA] PERSON detected -> BUZZER ON for 2 seconds
2026-09-24 03:29:08,348 - [ALARM][CAMERA] 2-second alarm expired -> BUZZER OFF
2026-09-24 03:29:11,744 - [ALARM][CAMERA] PERSON detected -> BUZZER ON for 2 seconds
2026-09-24 03:29:13,856 - [ALARM][CAMERA] 2-second alarm expired -> BUZZER OFF
2026-09-24 03:29:13,968 - [ALARM][CAMERA] PERSON detected -> BUZZER ON for 2 seconds
2026-09-24 03:29:18,006 - [ALARM][CAMERA] PERSON detected -> BUZZER ON for 2 seconds
2026-09-24 03:29:19,796 - [ALARM][CAMERA] PERSON detected -> BUZZER ON for 2 seconds
2026-09-24 03:29:21,457 - [ALARM][CAMERA] PERSON detected -> BUZZER ON for 2 seconds
2026-09-24 03:29:23,042 - [ALARM][CAMERA] PERSON detected -> BUZZER ON for 2 seconds
2026-09-24 03:29:25,347 - [ALARM][CAMERA] 2-second alarm expired -> BUZZER OFF
2026-09-24 03:29:25,698 - [ALARM][CAMERA] PERSON detected -> BUZZER ON for 2 seconds
2026-09-24 03:29:29,855 - [ALARM][CAMERA] 2-second alarm expired -> BUZZER OFF
2026-09-24 03:29:31,526 - [ALARM][CAMERA] PERSON detected -> BUZZER ON for 2 seconds
2026-09-24 03:29:33,850 - [ALARM][CAMERA] 2-second alarm expired -> BUZZER OFF
2026-09-24 03:29:37,401 - [ALARM][CAMERA] PERSON detected -> BUZZER ON for 2 seconds
2026-09-24 03:29:39,846 - [ALARM][CAMERA] 2-second alarm expired -> BUZZER OFF
2026-09-24 03:29:43,402 - [ALARM][CAMERA] PERSON detected -> BUZZER ON for 2 seconds
2026-09-24 03:29:45,846 - [ALARM][CAMERA] 2-second alarm expired -> BUZZER OFF
2026-09-24 03:29:47,559 - [ALARM][CAMERA] PERSON detected -> BUZZER ON for 2 seconds
2026-09-24 03:29:51,866 - [ALARM][CAMERA] 2-second alarm expired -> BUZZER OFF
2026-09-24 03:29:53,338 - [ALARM][CAMERA] PERSON detected -> BUZZER ON for 2 seconds
2026-09-24 03:29:55,068 - [ALARM][CAMERA] PERSON detected -> BUZZER ON for 2 seconds
2026-09-24 03:29:57,358 - [ALARM][CAMERA] 2-second alarm expired -> BUZZER OFF
2026-09-24 03:29:58,279 - [ALARM][CAMERA] PERSON detected -> BUZZER ON for 2 seconds
2026-09-24 03:30:01,663 - [ALARM][CAMERA] PERSON detected -> BUZZER ON for 2 seconds
2026-09-24 03:30:03,862 - [ALARM][CAMERA] 2-second alarm expired -> BUZZER OFF
2026-09-24 03:30:04,051 - [ALARM][CAMERA] PERSON detected -> BUZZER ON for 2 seconds
2026-09-24 03:30:06,350 - [ALARM][CAMERA] 2-second alarm expired -> BUZZER OFF
2026-09-24 03:30:06,517 - [ALARM][CAMERA] PERSON detected -> BUZZER ON for 2 seconds
2026-09-24 03:30:08,861 - [ALARM][CAMERA] 2-second alarm expired -> BUZZER OFF
2026-09-24 03:30:09,879 - [ALARM][CAMERA] PERSON detected -> BUZZER ON for 2 seconds
2026-09-24 03:30:12,290 - [ALARM][CAMERA] PERSON detected -> BUZZER ON for 2 seconds
2026-09-24 03:30:14,354 - [ALARM][CAMERA] 2-second alarm expired -> BUZZER OFF
2026-09-24 03:30:17,854 - [ALARM][CAMERA] PERSON detected -> BUZZER ON for 2 seconds
2026-09-24 03:30:19,861 - [ALARM][CAMERA] 2-second alarm expired -> BUZZER OFF
2026-09-24 03:30:21,868 - [ALARM][CAMERA] PERSON detected -> BUZZER ON for 2 seconds
2026-09-24 03:30:25,325 - [ALARM][CAMERA] PERSON detected -> BUZZER ON for 2 seconds
2026-09-24 03:30:27,356 - [ALARM][CAMERA] 2-second alarm expired -> BUZZER OFF
2026-09-24 03:30:27,724 - [ALARM][CAMERA] PERSON detected -> BUZZER ON for 2 seconds
2026-09-24 03:30:29,403 - [ALARM][CAMERA] PERSON detected -> BUZZER ON for 2 seconds
2026-09-24 03:30:31,854 - [ALARM][CAMERA] 2-second alarm expired -> BUZZER OFF
2026-09-24 03:30:34,246 - [ALARM][CAMERA] PERSON detected -> BUZZER ON for 2 seconds
2026-09-24 03:30:36,375 - [ALARM][CAMERA] 2-second alarm expired -> BUZZER OFF
2026-09-24 03:30:40,040 - [ALARM][CAMERA] PERSON detected -> BUZZER ON for 2 seconds
2026-09-24 03:30:42,359 - [ALARM][CAMERA] 2-second alarm expired -> BUZZER OFF
2026-09-24 03:30:42,472 - [ALARM][CAMERA] PERSON detected -> BUZZER ON for 2 seconds
2026-09-24 03:30:46,356 - [ALARM][CAMERA] 2-second alarm expired -> BUZZER OFF
2026-09-24 03:30:48,619 - [ALARM][CAMERA] PERSON detected -> BUZZER ON for 2 seconds
2026-09-24 03:30:50,850 - [ALARM][CAMERA] 2-second alarm expired -> BUZZER OFF
2026-09-24 03:30:51,528 - [ALARM][CAMERA] PERSON detected -> BUZZER ON for 2 seconds
2026-09-24 03:30:53,847 - [ALARM][CAMERA] 2-second alarm expired -> BUZZER OFF
2026-09-24 03:30:53,865 - [ALARM][CAMERA] PERSON detected -> BUZZER ON for 2 seconds
2026-09-24 03:30:56,351 - [ALARM][CAMERA] 2-second alarm expired -> BUZZER OFF
2026-09-24 03:30:57,210 - [ALARM][CAMERA] PERSON detected -> BUZZER ON for 2 seconds
2026-09-24 03:30:59,375 - [ALARM][CAMERA] 2-second alarm expired -> BUZZER OFF
2026-09-24 03:31:00,490 - [ALARM][CAMERA] PERSON detected -> BUZZER ON for 2 seconds
2026-09-24 03:31:02,850 - [ALARM][CAMERA] 2-second alarm expired -> BUZZER OFF
2026-09-24 03:31:02,945 - [ALARM][CAMERA] PERSON detected -> BUZZER ON for 2 seconds
2026-09-24 03:31:04,769 - [ALARM][CAMERA] PERSON detected -> BUZZER ON for 2 seconds
2026-09-24 03:31:07,889 - [ALARM][CAMERA] 2-second alarm expired -> BUZZER OFF
2026-09-24 03:31:08,105 - [ALARM][CAMERA] PERSON detected -> BUZZER ON for 2 seconds
2026-09-24 03:31:10,398 - [ALARM][CAMERA] 2-second alarm expired -> BUZZER OFF
2026-09-24 03:31:10,583 - [ALARM][CAMERA] PERSON detected -> BUZZER ON for 2 seconds
2026-09-24 03:31:12,290 - [ALARM][CAMERA] PERSON detected -> BUZZER ON for 2 seconds
2026-09-24 03:31:14,895 - [ALARM][CAMERA] 2-second alarm expired -> BUZZER OFF
2026-09-24 03:31:15,659 - [ALARM][CAMERA] PERSON detected -> BUZZER ON for 2 seconds
2026-09-24 03:31:17,918 - [ALARM][CAMERA] 2-second alarm expired -> BUZZER OFF
2026-09-24 03:31:22,323 - [ALARM][CAMERA] PERSON detected -> BUZZER ON for 2 seconds
2026-09-24 03:31:25,397 - [ALARM][CAMERA] 2-second alarm expired -> BUZZER OFF
2026-09-24 03:31:25,598 - [ALARM][CAMERA] PERSON detected -> BUZZER ON for 2 seconds
2026-09-24 03:31:27,913 - [ALARM][CAMERA] 2-second alarm expired -> BUZZER OFF
2026-09-24 03:31:28,012 - [ALARM][CAMERA] PERSON detected -> BUZZER ON for 2 seconds
2026-09-24 03:31:30,349 - [ALARM][CAMERA] PERSON detected -> BUZZER ON for 2 seconds
2026-09-24 03:31:32,394 - [ALARM][CAMERA] 2-second alarm expired -> BUZZER OFF
2026-09-24 03:31:33,726 - [ALARM][CAMERA] PERSON detected -> BUZZER ON for 2 seconds
2026-09-24 03:31:35,296 - [ALARM][CAMERA] PERSON detected -> BUZZER ON for 2 seconds
2026-09-24 03:31:37,408 - [ALARM][CAMERA] 2-second alarm expired -> BUZZER OFF
2026-09-24 03:31:37,563 - [ALARM][CAMERA] PERSON detected -> BUZZER ON for 2 seconds
2026-09-24 03:31:39,811 - [ALARM][CAMERA] PERSON detected -> BUZZER ON for 2 seconds
2026-09-24 03:31:41,284 - [ALARM][CAMERA] PERSON detected -> BUZZER ON for 2 seconds
2026-09-24 03:31:42,940 - [ALARM][CAMERA] PERSON detected -> BUZZER ON for 2 seconds
2026-09-24 03:31:44,672 - [ALARM][CAMERA] PERSON detected -> BUZZER ON for 2 seconds
2026-09-24 03:31:46,896 - [ALARM][CAMERA] 2-second alarm expired -> BUZZER OFF
2026-09-24 03:31:48,077 - [ALARM][CAMERA] PERSON detected -> BUZZER ON for 2 seconds
2026-09-24 03:31:50,409 - [ALARM][CAMERA] 2-second alarm expired -> BUZZER OFF
2026-09-24 03:31:51,986 - [ALARM][CAMERA] PERSON detected -> BUZZER ON for 2 seconds
2026-09-24 03:31:54,405 - [ALARM][CAMERA] 2-second alarm expired -> BUZZER OFF
2026-09-24 03:31:55,281 - [ALARM][CAMERA] PERSON detected -> BUZZER ON for 2 seconds
2026-09-24 03:31:57,407 - [ALARM][CAMERA] 2-second alarm expired -> BUZZER OFF
2026-09-24 03:31:58,146 - [ALARM][CAMERA] PERSON detected -> BUZZER ON for 2 seconds
2026-09-24 03:32:00,412 - [ALARM][CAMERA] 2-second alarm expired -> BUZZER OFF
2026-09-24 03:32:00,994 - [ALARM][CAMERA] PERSON detected -> BUZZER ON for 2 seconds
2026-09-24 03:32:02,488 - [ALARM][CAMERA] PERSON detected -> BUZZER ON for 2 seconds
2026-09-24 03:32:04,908 - [ALARM][CAMERA] 2-second alarm expired -> BUZZER OFF
2026-09-24 03:32:05,824 - [ALARM][CAMERA] PERSON detected -> BUZZER ON for 2 seconds
2026-09-24 03:32:07,330 - [ALARM][CAMERA] PERSON detected -> BUZZER ON for 2 seconds
2026-09-24 03:32:09,407 - [ALARM][CAMERA] 2-second alarm expired -> BUZZER OFF
2026-09-24 03:32:09,421 - [ALARM][CAMERA] PERSON detected -> BUZZER ON for 2 seconds
2026-09-24 03:32:11,904 - [ALARM][CAMERA] 2-second alarm expired -> BUZZER OFF
2026-09-24 03:32:12,018 - [ALARM][CAMERA] PERSON detected -> BUZZER ON for 2 seconds
2026-09-24 03:32:14,078 - [ALARM][CAMERA] PERSON detected -> BUZZER ON for 2 seconds
2026-09-24 03:32:17,408 - [ALARM][CAMERA] 2-second alarm expired -> BUZZER OFF
2026-09-24 03:32:18,374 - [ALARM][CAMERA] PERSON detected -> BUZZER ON for 2 seconds
2026-09-24 03:32:20,394 - [ALARM][CAMERA] 2-second alarm expired -> BUZZER OFF
2026-09-24 03:32:20,407 - [ALARM][CAMERA] PERSON detected -> BUZZER ON for 2 seconds
2026-09-24 03:32:22,898 - [ALARM][CAMERA] 2-second alarm expired -> BUZZER OFF
2026-09-24 03:32:23,660 - [ALARM][CAMERA] PERSON detected -> BUZZER ON for 2 seconds
2026-09-24 03:32:25,013 - [ALARM][CAMERA] PERSON detected -> BUZZER ON for 2 seconds
2026-09-24 03:32:28,912 - [ALARM][CAMERA] 2-second alarm expired -> BUZZER OFF
2026-09-24 03:32:29,065 - [ALARM][CAMERA] PERSON detected -> BUZZER ON for 2 seconds
2026-09-24 03:32:31,404 - [ALARM][CAMERA] 2-second alarm expired -> BUZZER OFF
2026-09-24 03:32:31,676 - [ALARM][CAMERA] PERSON detected -> BUZZER ON for 2 seconds
2026-09-24 03:32:32,967 - [ALARM][CAMERA] PERSON detected -> BUZZER ON for 2 seconds
2026-09-24 03:32:34,471 - [ALARM][CAMERA] PERSON detected -> BUZZER ON for 2 seconds
2026-09-24 03:32:36,510 - [ALARM][CAMERA] PERSON detected -> BUZZER ON for 2 seconds
2026-09-24 03:32:40,406 - [ALARM][CAMERA] 2-second alarm expired -> BUZZER OFF
2026-09-24 03:32:41,288 - [ALARM][CAMERA] PERSON detected -> BUZZER ON for 2 seconds
2026-09-24 03:32:43,308 - [ALARM][CAMERA] PERSON detected -> BUZZER ON for 2 seconds
2026-09-24 03:32:45,407 - [ALARM][CAMERA] 2-second alarm expired -> BUZZER OFF
2026-09-24 03:32:46,917 - [ALARM][CAMERA] PERSON detected -> BUZZER ON for 2 seconds
2026-09-24 03:32:49,821 - [ALARM][CAMERA] PERSON detected -> BUZZER ON for 2 seconds
2026-09-24 03:32:51,909 - [ALARM][CAMERA] 2-second alarm expired -> BUZZER OFF
2026-09-24 03:32:51,912 - [ALARM][CAMERA] PERSON detected -> BUZZER ON for 2 seconds
2026-09-24 03:32:54,405 - [ALARM][CAMERA] 2-second alarm expired -> BUZZER OFF
2026-09-24 03:32:57,442 - [ALARM][CAMERA] PERSON detected -> BUZZER ON for 2 seconds
2026-09-24 03:32:59,565 - [ALARM][CAMERA] PERSON detected -> BUZZER ON for 2 seconds
2026-09-24 03:33:00,946 - [ALARM][CAMERA] PERSON detected -> BUZZER ON for 2 seconds
2026-09-24 03:33:03,397 - [ALARM][CAMERA] 2-second alarm expired -> BUZZER OFF
2026-09-24 03:33:06,048 - [ALARM][CAMERA] PERSON detected -> BUZZER ON for 2 seconds
2026-09-24 03:33:08,404 - [ALARM][CAMERA] 2-second alarm expired -> BUZZER OFF
2026-09-24 03:33:09,341 - [ALARM][CAMERA] PERSON detected -> BUZZER ON for 2 seconds
2026-09-24 03:33:11,419 - [ALARM][CAMERA] 2-second alarm expired -> BUZZER OFF
2026-09-24 03:33:12,640 - [ALARM][CAMERA] PERSON detected -> BUZZER ON for 2 seconds
2026-09-24 03:33:14,633 - [ALARM][CAMERA] PERSON detected -> BUZZER ON for 2 seconds
2026-09-24 03:33:16,896 - [ALARM][CAMERA] 2-second alarm expired -> BUZZER OFF
2026-09-24 03:33:21,416 - [ALARM][CAMERA] 2-second alarm expired -> BUZZER OFF
2026-09-24 03:33:22,932 - [ALARM][CAMERA] PERSON detected -> BUZZER ON for 2 seconds
2026-09-24 03:33:24,277 - [ALARM][CAMERA] PERSON detected -> BUZZER ON for 2 seconds
2026-09-24 03:33:26,358 - [ALARM][CAMERA] PERSON detected -> BUZZER ON for 2 seconds
2026-09-24 03:33:28,402 - [ALARM][CAMERA] 2-second alarm expired -> BUZZER OFF
2026-09-24 03:33:29,700 - [ALARM][CAMERA] PERSON detected -> BUZZER ON for 2 seconds
2026-09-24 03:33:31,009 - [ALARM][CAMERA] PERSON detected -> BUZZER ON for 2 seconds
2026-09-24 03:33:32,326 - [ALARM][CAMERA] PERSON detected -> BUZZER ON for 2 seconds
2026-09-24 03:33:36,903 - [ALARM][CAMERA] 2-second alarm expired -> BUZZER OFF
2026-09-24 03:33:43,906 - [ALARM][CAMERA] 2-second alarm expired -> BUZZER OFF
2026-09-24 03:33:47,727 - [ALARM][CAMERA] PERSON detected -> BUZZER ON for 2 seconds
2026-09-24 03:33:50,921 - [ALARM][CAMERA] 2-second alarm expired -> BUZZER OFF
2026-09-24 03:33:51,025 - [ALARM][CAMERA] PERSON detected -> BUZZER ON for 2 seconds
2026-09-24 03:33:53,420 - [ALARM][CAMERA] 2-second alarm expired -> BUZZER OFF
2026-09-24 03:33:58,400 - [ALARM][CAMERA] PERSON detected -> BUZZER ON for 2 seconds
2026-09-24 03:34:02,427 - [ALARM][CAMERA] 2-second alarm expired -> BUZZER OFF
2026-09-24 03:34:04,375 - [ALARM][CAMERA] PERSON detected -> BUZZER ON for 2 seconds
2026-09-24 03:34:06,431 - [ALARM][CAMERA] 2-second alarm expired -> BUZZER OFF
2026-09-24 03:34:11,117 - [ALARM][CAMERA] PERSON detected -> BUZZER ON for 2 seconds
2026-09-24 03:34:13,465 - [ALARM][CAMERA] 2-second alarm expired -> BUZZER OFF
2026-09-24 03:34:16,174 - [ALARM][CAMERA] PERSON detected -> BUZZER ON for 2 seconds
2026-09-24 03:34:18,443 - [ALARM][CAMERA] 2-second alarm expired -> BUZZER OFF
2026-09-24 03:34:20,079 - [ALARM][CAMERA] PERSON detected -> BUZZER ON for 2 seconds
2026-09-24 03:34:22,082 - [ALARM][CAMERA] PERSON detected -> BUZZER ON for 2 seconds
2026-09-24 03:34:23,302 - [ALARM][CAMERA] PERSON detected -> BUZZER ON for 2 seconds
2026-09-24 03:34:25,452 - [ALARM][CAMERA] 2-second alarm expired -> BUZZER OFF
2026-09-24 03:34:27,873 - [ALARM][CAMERA] PERSON detected -> BUZZER ON for 2 seconds
2026-09-24 03:34:29,952 - [ALARM][CAMERA] 2-second alarm expired -> BUZZER OFF
2026-09-24 03:34:31,282 - [ALARM][CAMERA] PERSON detected -> BUZZER ON for 2 seconds
2026-09-24 03:34:33,469 - [ALARM][CAMERA] 2-second alarm expired -> BUZZER OFF
2026-09-24 03:34:35,086 - [ALARM][CAMERA] PERSON detected -> BUZZER ON for 2 seconds
2026-09-24 03:34:37,466 - [ALARM][CAMERA] 2-second alarm expired -> BUZZER OFF
2026-09-24 03:34:38,268 - [ALARM][CAMERA] PERSON detected -> BUZZER ON for 2 seconds
2026-09-24 03:34:40,447 - [ALARM][CAMERA] 2-second alarm expired -> BUZZER OFF
2026-09-24 03:34:43,457 - [ALARM][CAMERA] 2-second alarm expired -> BUZZER OFF
2026-09-24 03:34:44,938 - [ALARM][CAMERA] PERSON detected -> BUZZER ON for 2 seconds
2026-09-24 03:34:46,954 - [ALARM][CAMERA] 2-second alarm expired -> BUZZER OFF
2026-09-24 03:34:52,199 - [ALARM][CAMERA] PERSON detected -> BUZZER ON for 2 seconds
2026-09-24 03:34:54,473 - [ALARM][CAMERA] 2-second alarm expired -> BUZZER OFF
2026-09-24 03:34:54,814 - [ALARM][CAMERA] PERSON detected -> BUZZER ON for 2 seconds
2026-09-24 03:34:56,985 - [ALARM][CAMERA] 2-second alarm expired -> BUZZER OFF
2026-09-24 03:34:59,525 - [ALARM][CAMERA] PERSON detected -> BUZZER ON for 2 seconds
2026-09-24 03:35:01,977 - [ALARM][CAMERA] 2-second alarm expired -> BUZZER OFF
2026-09-24 03:35:07,978 - [ALARM][CAMERA] PERSON detected -> BUZZER ON for 2 seconds
2026-09-24 03:35:11,034 - [ALARM][CAMERA] 2-second alarm expired -> BUZZER OFF
2026-09-24 03:35:16,386 - [ALARM][CAMERA] PERSON detected -> BUZZER ON for 2 seconds
2026-09-24 03:35:18,525 - [ALARM][CAMERA] 2-second alarm expired -> BUZZER OFF
2026-09-24 03:35:19,239 - [ALARM][CAMERA] PERSON detected -> BUZZER ON for 2 seconds
2026-09-24 03:35:21,527 - [ALARM][CAMERA] 2-second alarm expired -> BUZZER OFF
2026-09-24 03:35:23,151 - [ALARM][CAMERA] PERSON detected -> BUZZER ON for 2 seconds
2026-09-24 03:35:24,457 - [ALARM][CAMERA] PERSON detected -> BUZZER ON for 2 seconds
2026-09-24 03:35:25,815 - [ALARM][CAMERA] PERSON detected -> BUZZER ON for 2 seconds
2026-09-24 03:35:28,024 - [ALARM][CAMERA] 2-second alarm expired -> BUZZER OFF
2026-09-24 03:35:29,779 - [ALARM][CAMERA] PERSON detected -> BUZZER ON for 2 seconds
2026-09-24 03:35:31,155 - [ALARM][CAMERA] PERSON detected -> BUZZER ON for 2 seconds
2026-09-24 03:35:33,529 - [ALARM][CAMERA] 2-second alarm expired -> BUZZER OFF
2026-09-24 03:35:36,223 - [ALARM][CAMERA] PERSON detected -> BUZZER ON for 2 seconds
2026-09-24 03:35:38,524 - [ALARM][CAMERA] 2-second alarm expired -> BUZZER OFF
2026-09-24 03:35:42,026 - [ALARM][CAMERA] 2-second alarm expired -> BUZZER OFF
2026-09-24 03:35:42,269 - [ALARM][CAMERA] PERSON detected -> BUZZER ON for 2 seconds
2026-09-24 03:35:44,524 - [ALARM][CAMERA] 2-second alarm expired -> BUZZER OFF
2026-09-24 03:35:46,718 - [ALARM][CAMERA] PERSON detected -> BUZZER ON for 2 seconds
2026-09-24 03:35:49,040 - [ALARM][CAMERA] 2-second alarm expired -> BUZZER OFF
2026-09-24 03:35:50,231 - [ALARM][CAMERA] PERSON detected -> BUZZER ON for 2 seconds
2026-09-24 03:35:52,522 - [ALARM][CAMERA] 2-second alarm expired -> BUZZER OFF
2026-09-24 03:35:53,379 - [ALARM][CAMERA] PERSON detected -> BUZZER ON for 2 seconds
2026-09-24 03:35:55,548 - [ALARM][CAMERA] 2-second alarm expired -> BUZZER OFF
2026-09-24 03:35:57,378 - [ALARM][CAMERA] PERSON detected -> BUZZER ON for 2 seconds
2026-09-24 03:35:59,578 - [ALARM][CAMERA] 2-second alarm expired -> BUZZER OFF
2026-09-24 03:36:02,581 - [ALARM][CAMERA] 2-second alarm expired -> BUZZER OFF
2026-09-24 03:36:04,693 - [ALARM][CAMERA] PERSON detected -> BUZZER ON for 2 seconds
2026-09-24 03:36:05,952 - [ALARM][CAMERA] PERSON detected -> BUZZER ON for 2 seconds
2026-09-24 03:36:07,300 - [ALARM][CAMERA] PERSON detected -> BUZZER ON for 2 seconds
2026-09-24 03:36:09,590 - [ALARM][CAMERA] 2-second alarm expired -> BUZZER OFF
2026-09-24 03:36:09,976 - [ALARM][CAMERA] PERSON detected -> BUZZER ON for 2 seconds
2026-09-24 03:36:12,572 - [ALARM][CAMERA] 2-second alarm expired -> BUZZER OFF
2026-09-24 03:36:19,044 - [ALARM][CAMERA] PERSON detected -> BUZZER ON for 2 seconds
2026-09-24 03:36:21,193 - [ALARM][CAMERA] PERSON detected -> BUZZER ON for 2 seconds
2026-09-24 03:36:23,587 - [ALARM][CAMERA] 2-second alarm expired -> BUZZER OFF
2026-09-24 03:36:23,723 - [ALARM][CAMERA] PERSON detected -> BUZZER ON for 2 seconds
2026-09-24 03:36:25,017 - [ALARM][CAMERA] PERSON detected -> BUZZER ON for 2 seconds
2026-09-24 03:36:27,077 - [ALARM][CAMERA] 2-second alarm expired -> BUZZER OFF
2026-09-24 03:36:28,333 - [ALARM][CAMERA] PERSON detected -> BUZZER ON for 2 seconds
2026-09-24 03:36:30,572 - [ALARM][CAMERA] 2-second alarm expired -> BUZZER OFF
2026-09-24 03:36:32,314 - [ALARM][CAMERA] PERSON detected -> BUZZER ON for 2 seconds
2026-09-24 03:36:34,300 - [ALARM][CAMERA] PERSON detected -> BUZZER ON for 2 seconds
2026-09-24 03:36:36,571 - [ALARM][CAMERA] 2-second alarm expired -> BUZZER OFF
2026-09-24 03:36:40,155 - [ALARM][CAMERA] PERSON detected -> BUZZER ON for 2 seconds
2026-09-24 03:36:43,073 - [ALARM][CAMERA] 2-second alarm expired -> BUZZER OFF
2026-09-24 03:36:47,252 - [ALARM][CAMERA] PERSON detected -> BUZZER ON for 2 seconds
2026-09-24 03:36:49,398 - [ALARM][CAMERA] PERSON detected -> BUZZER ON for 2 seconds
2026-09-24 03:36:53,594 - [ALARM][CAMERA] 2-second alarm expired -> BUZZER OFF
2026-09-24 03:36:54,551 - [ALARM][CAMERA] PERSON detected -> BUZZER ON for 2 seconds
2026-09-24 03:36:56,570 - [ALARM][CAMERA] 2-second alarm expired -> BUZZER OFF
2026-09-24 03:37:02,919 - [ALARM][CAMERA] PERSON detected -> BUZZER ON for 2 seconds
2026-09-24 03:37:05,072 - [ALARM][CAMERA] 2-second alarm expired -> BUZZER OFF
2026-09-24 03:37:06,080 - [ALARM][CAMERA] PERSON detected -> BUZZER ON for 2 seconds
2026-09-24 03:37:08,084 - [ALARM][CAMERA] 2-second alarm expired -> BUZZER OFF
2026-09-24 03:37:08,648 - [ALARM][CAMERA] PERSON detected -> BUZZER ON for 2 seconds
2026-09-24 03:37:11,067 - [ALARM][CAMERA] 2-second alarm expired -> BUZZER OFF
2026-09-24 03:37:11,311 - [ALARM][CAMERA] PERSON detected -> BUZZER ON for 2 seconds
2026-09-24 03:37:14,082 - [ALARM][CAMERA] 2-second alarm expired -> BUZZER OFF
2026-09-24 03:37:18,009 - [ALARM][CAMERA] PERSON detected -> BUZZER ON for 2 seconds
2026-09-24 03:37:21,552 - [ALARM][CAMERA] PERSON detected -> BUZZER ON for 2 seconds
2026-09-24 03:37:23,587 - [ALARM][CAMERA] 2-second alarm expired -> BUZZER OFF
2026-09-24 03:37:28,090 - [ALARM][CAMERA] PERSON detected -> BUZZER ON for 2 seconds
2026-09-24 03:37:32,576 - [ALARM][CAMERA] 2-second alarm expired -> BUZZER OFF
2026-09-24 03:37:32,649 - [ALARM][CAMERA] PERSON detected -> BUZZER ON for 2 seconds
2026-09-24 03:37:33,937 - [ALARM][CAMERA] PERSON detected -> BUZZER ON for 2 seconds
2026-09-24 03:37:36,076 - [ALARM][CAMERA] 2-second alarm expired -> BUZZER OFF
2026-09-24 03:37:39,840 - [ALARM][CAMERA] PERSON detected -> BUZZER ON for 2 seconds
2026-09-24 03:37:42,570 - [ALARM][CAMERA] 2-second alarm expired -> BUZZER OFF
2026-09-24 03:37:43,215 - [ALARM][CAMERA] PERSON detected -> BUZZER ON for 2 seconds
2026-09-24 03:37:45,575 - [ALARM][CAMERA] 2-second alarm expired -> BUZZER OFF
2026-09-24 03:37:45,708 - [ALARM][CAMERA] PERSON detected -> BUZZER ON for 2 seconds
2026-09-24 03:37:47,089 - [ALARM][CAMERA] PERSON detected -> BUZZER ON for 2 seconds
2026-09-24 03:37:49,584 - [ALARM][CAMERA] 2-second alarm expired -> BUZZER OFF
2026-09-24 03:37:54,074 - [ALARM][CAMERA] 2-second alarm expired -> BUZZER OFF
2026-09-24 03:37:56,267 - [ALARM][CAMERA] PERSON detected -> BUZZER ON for 2 seconds
2026-09-24 03:37:58,578 - [ALARM][CAMERA] 2-second alarm expired -> BUZZER OFF
2026-09-24 03:38:04,090 - [ALARM][CAMERA] 2-second alarm expired -> BUZZER OFF
2026-09-24 03:38:04,229 - [ALARM][CAMERA] PERSON detected -> BUZZER ON for 2 seconds
2026-09-24 03:38:06,567 - [ALARM][CAMERA] 2-second alarm expired -> BUZZER OFF
2026-09-24 03:38:08,097 - [ALARM][CAMERA] PERSON detected -> BUZZER ON for 2 seconds
2026-09-24 03:38:10,569 - [ALARM][CAMERA] 2-second alarm expired -> BUZZER OFF
2026-09-24 03:38:10,647 - [ALARM][CAMERA] PERSON detected -> BUZZER ON for 2 seconds
2026-09-24 03:38:12,184 - [ALARM][CAMERA] PERSON detected -> BUZZER ON for 2 seconds
2026-09-24 03:38:14,572 - [ALARM][CAMERA] 2-second alarm expired -> BUZZER OFF
2026-09-24 03:38:19,478 - [ALARM][CAMERA] PERSON detected -> BUZZER ON for 2 seconds
2026-09-24 03:38:21,567 - [ALARM][CAMERA] 2-second alarm expired -> BUZZER OFF
2026-09-24 03:38:24,545 - [ALARM][CAMERA] PERSON detected -> BUZZER ON for 2 seconds
2026-09-24 03:38:26,588 - [ALARM][CAMERA] 2-second alarm expired -> BUZZER OFF
2026-09-24 03:38:27,509 - [ALARM][CAMERA] PERSON detected -> BUZZER ON for 2 seconds
2026-09-24 03:38:29,591 - [ALARM][CAMERA] 2-second alarm expired -> BUZZER OFF
2026-09-24 03:38:35,073 - [ALARM][CAMERA] 2-second alarm expired -> BUZZER OFF
2026-09-24 03:38:41,130 - [ALARM][CAMERA] PERSON detected -> BUZZER ON for 2 seconds
2026-09-24 03:38:45,084 - [ALARM][CAMERA] 2-second alarm expired -> BUZZER OFF
2026-09-24 03:38:46,915 - [ALARM][CAMERA] PERSON detected -> BUZZER ON for 2 seconds
2026-09-24 03:38:49,053 - [ALARM][CAMERA] PERSON detected -> BUZZER ON for 2 seconds
2026-09-24 03:38:50,473 - [ALARM][CAMERA] PERSON detected -> BUZZER ON for 2 seconds
2026-09-24 03:38:51,912 - [ALARM][CAMERA] PERSON detected -> BUZZER ON for 2 seconds
2026-09-24 03:38:53,433 - [ALARM][CAMERA] PERSON detected -> BUZZER ON for 2 seconds
2026-09-24 03:38:55,578 - [ALARM][CAMERA] 2-second alarm expired -> BUZZER OFF
2026-09-24 03:39:02,922 - [ALARM][CAMERA] PERSON detected -> BUZZER ON for 2 seconds
2026-09-24 03:39:05,568 - [ALARM][CAMERA] 2-second alarm expired -> BUZZER OFF
2026-09-24 03:39:07,863 - [ALARM][CAMERA] PERSON detected -> BUZZER ON for 2 seconds
2026-09-24 03:39:10,075 - [ALARM][CAMERA] 2-second alarm expired -> BUZZER OFF
2026-09-24 03:39:14,513 - [ALARM][CAMERA] PERSON detected -> BUZZER ON for 2 seconds
2026-09-24 03:39:16,581 - [ALARM][CAMERA] 2-second alarm expired -> BUZZER OFF
2026-09-24 03:39:20,866 - [ALARM][CAMERA] PERSON detected -> BUZZER ON for 2 seconds
2026-09-24 03:39:23,070 - [ALARM][CAMERA] 2-second alarm expired -> BUZZER OFF
2026-09-24 03:39:26,073 - [ALARM][CAMERA] 2-second alarm expired -> BUZZER OFF
2026-09-24 03:39:29,642 - [ALARM][CAMERA] PERSON detected -> BUZZER ON for 2 seconds
2026-09-24 03:39:31,112 - [ALARM][CAMERA] PERSON detected -> BUZZER ON for 2 seconds
2026-09-24 03:39:33,569 - [ALARM][CAMERA] 2-second alarm expired -> BUZZER OFF
2026-09-24 03:39:36,568 - [ALARM][CAMERA] 2-second alarm expired -> BUZZER OFF
2026-09-24 03:39:36,753 - [ALARM][CAMERA] PERSON detected -> BUZZER ON for 2 seconds
2026-09-24 03:39:39,066 - [ALARM][CAMERA] 2-second alarm expired -> BUZZER OFF
2026-09-24 03:39:39,306 - [ALARM][CAMERA] PERSON detected -> BUZZER ON for 2 seconds
2026-09-24 03:39:41,567 - [ALARM][CAMERA] 2-second alarm expired -> BUZZER OFF
2026-09-24 03:39:44,868 - [ALARM][CAMERA] PERSON detected -> BUZZER ON for 2 seconds
2026-09-24 03:39:47,070 - [ALARM][CAMERA] 2-second alarm expired -> BUZZER OFF
2026-09-24 03:39:48,086 - [ALARM][CAMERA] PERSON detected -> BUZZER ON for 2 seconds
2026-09-24 03:39:50,570 - [ALARM][CAMERA] 2-second alarm expired -> BUZZER OFF
2026-09-24 03:39:52,015 - [ALARM][CAMERA] PERSON detected -> BUZZER ON for 2 seconds
2026-09-24 03:39:54,065 - [ALARM][CAMERA] 2-second alarm expired -> BUZZER OFF
2026-09-24 03:39:55,550 - [ALARM][CAMERA] PERSON detected -> BUZZER ON for 2 seconds
2026-09-24 03:39:57,583 - [ALARM][CAMERA] 2-second alarm expired -> BUZZER OFF
2026-09-24 03:39:57,616 - [ALARM][CAMERA] PERSON detected -> BUZZER ON for 2 seconds
2026-09-24 03:39:58,989 - [ALARM][CAMERA] PERSON detected -> BUZZER ON for 2 seconds
2026-09-24 03:40:01,112 - [ALARM][CAMERA] 2-second alarm expired -> BUZZER OFF
2026-09-24 03:40:02,954 - [ALARM][CAMERA] PERSON detected -> BUZZER ON for 2 seconds
2026-09-24 03:40:07,097 - [ALARM][CAMERA] 2-second alarm expired -> BUZZER OFF
2026-09-24 03:40:07,645 - [ALARM][CAMERA] PERSON detected -> BUZZER ON for 2 seconds
2026-09-24 03:40:09,637 - [ALARM][CAMERA] PERSON detected -> BUZZER ON for 2 seconds
2026-09-24 03:40:12,113 - [ALARM][CAMERA] 2-second alarm expired -> BUZZER OFF
2026-09-24 03:40:12,848 - [ALARM][CAMERA] PERSON detected -> BUZZER ON for 2 seconds
2026-09-24 03:40:15,097 - [ALARM][CAMERA] 2-second alarm expired -> BUZZER OFF
2026-09-24 03:40:17,611 - [ALARM][CAMERA] 2-second alarm expired -> BUZZER OFF
2026-09-24 03:40:18,347 - [ALARM][CAMERA] PERSON detected -> BUZZER ON for 2 seconds
2026-09-24 03:40:20,605 - [ALARM][CAMERA] 2-second alarm expired -> BUZZER OFF
2026-09-24 03:40:21,216 - [ALARM][CAMERA] PERSON detected -> BUZZER ON for 2 seconds
2026-09-24 03:40:23,596 - [ALARM][CAMERA] 2-second alarm expired -> BUZZER OFF
2026-09-24 03:40:26,988 - [ALARM][CAMERA] PERSON detected -> BUZZER ON for 2 seconds
2026-09-24 03:40:29,101 - [ALARM][CAMERA] 2-second alarm expired -> BUZZER OFF
2026-09-24 03:40:35,023 - [ALARM][CAMERA] PERSON detected -> BUZZER ON for 2 seconds
2026-09-24 03:40:37,161 - [ALARM][CAMERA] PERSON detected -> BUZZER ON for 2 seconds
2026-09-24 03:40:39,611 - [ALARM][CAMERA] 2-second alarm expired -> BUZZER OFF
2026-09-24 03:40:40,469 - [ALARM][CAMERA] PERSON detected -> BUZZER ON for 2 seconds
2026-09-24 03:40:42,614 - [ALARM][CAMERA] 2-second alarm expired -> BUZZER OFF
2026-09-24 03:40:43,231 - [ALARM][CAMERA] PERSON detected -> BUZZER ON for 2 seconds
2026-09-24 03:40:45,596 - [ALARM][CAMERA] 2-second alarm expired -> BUZZER OFF
2026-09-24 03:40:46,099 - [ALARM][CAMERA] PERSON detected -> BUZZER ON for 2 seconds
2026-09-24 03:40:48,107 - [ALARM][CAMERA] 2-second alarm expired -> BUZZER OFF
2026-09-24 03:40:51,961 - [ALARM][CAMERA] PERSON detected -> BUZZER ON for 2 seconds
2026-09-24 03:40:54,103 - [ALARM][CAMERA] 2-second alarm expired -> BUZZER OFF
2026-09-24 03:40:54,685 - [ALARM][CAMERA] PERSON detected -> BUZZER ON for 2 seconds
2026-09-24 03:40:58,614 - [ALARM][CAMERA] 2-second alarm expired -> BUZZER OFF
2026-09-24 03:40:58,649 - [ALARM][CAMERA] PERSON detected -> BUZZER ON for 2 seconds
2026-09-24 03:40:59,914 - [ALARM][CAMERA] PERSON detected -> BUZZER ON for 2 seconds
2026-09-24 03:41:02,109 - [ALARM][CAMERA] 2-second alarm expired -> BUZZER OFF
2026-09-24 03:41:09,158 - [ALARM][CAMERA] 2-second alarm expired -> BUZZER OFF
2026-09-24 03:41:13,156 - [ALARM][CAMERA] 2-second alarm expired -> BUZZER OFF
2026-09-24 03:41:14,099 - [ALARM][CAMERA] PERSON detected -> BUZZER ON for 2 seconds
2026-09-24 03:41:15,593 - [ALARM][CAMERA] PERSON detected -> BUZZER ON for 2 seconds
2026-09-24 03:41:17,656 - [ALARM][CAMERA] 2-second alarm expired -> BUZZER OFF
2026-09-24 03:41:21,214 - [ALARM][CAMERA] PERSON detected -> BUZZER ON for 2 seconds
2026-09-24 03:41:22,078 - [ALARM][CAMERA] PERSON detected -> BUZZER ON for 2 seconds
2026-09-24 03:41:23,568 - [ALARM][CAMERA] PERSON detected -> BUZZER ON for 2 seconds
2026-09-24 03:41:25,649 - [ALARM][CAMERA] 2-second alarm expired -> BUZZER OFF
2026-09-24 03:41:28,651 - [ALARM][CAMERA] 2-second alarm expired -> BUZZER OFF
2026-09-24 03:41:33,599 - [ALARM][CAMERA] PERSON detected -> BUZZER ON for 2 seconds
2026-09-24 03:41:35,644 - [ALARM][CAMERA] 2-second alarm expired -> BUZZER OFF
2026-09-24 03:41:38,652 - [ALARM][CAMERA] 2-second alarm expired -> BUZZER OFF
2026-09-24 03:41:40,028 - [ALARM][CAMERA] PERSON detected -> BUZZER ON for 2 seconds
2026-09-24 03:41:42,151 - [ALARM][CAMERA] 2-second alarm expired -> BUZZER OFF
2026-09-24 03:41:42,155 - [ALARM][CAMERA] PERSON detected -> BUZZER ON for 2 seconds
2026-09-24 03:41:44,159 - [ALARM][CAMERA] 2-second alarm expired -> BUZZER OFF
2026-09-24 03:41:44,442 - [ALARM][CAMERA] PERSON detected -> BUZZER ON for 2 seconds
2026-09-24 03:41:45,957 - [ALARM][CAMERA] PERSON detected -> BUZZER ON for 2 seconds
2026-09-24 03:41:47,406 - [ALARM][CAMERA] PERSON detected -> BUZZER ON for 2 seconds
2026-09-24 03:41:49,480 - [ALARM][CAMERA] PERSON detected -> BUZZER ON for 2 seconds
2026-09-24 03:41:51,661 - [ALARM][CAMERA] 2-second alarm expired -> BUZZER OFF
2026-09-24 03:41:52,309 - [ALARM][CAMERA] PERSON detected -> BUZZER ON for 2 seconds
2026-09-24 03:41:54,657 - [ALARM][CAMERA] 2-second alarm expired -> BUZZER OFF
2026-09-24 03:41:56,003 - [ALARM][CAMERA] PERSON detected -> BUZZER ON for 2 seconds
2026-09-24 03:41:58,157 - [ALARM][CAMERA] 2-second alarm expired -> BUZZER OFF
2026-09-24 03:41:58,164 - [ALARM][CAMERA] PERSON detected -> BUZZER ON for 2 seconds
2026-09-24 03:42:00,652 - [ALARM][CAMERA] 2-second alarm expired -> BUZZER OFF
2026-09-24 03:42:03,990 - [ALARM][CAMERA] PERSON detected -> BUZZER ON for 2 seconds
2026-09-24 03:42:06,193 - [ALARM][CAMERA] PERSON detected -> BUZZER ON for 2 seconds
2026-09-24 03:42:07,639 - [ALARM][CAMERA] PERSON detected -> BUZZER ON for 2 seconds
2026-09-24 03:42:09,643 - [ALARM][CAMERA] 2-second alarm expired -> BUZZER OFF
2026-09-24 03:42:13,424 - [ALARM][CAMERA] PERSON detected -> BUZZER ON for 2 seconds
2026-09-24 03:42:17,671 - [ALARM][CAMERA] 2-second alarm expired -> BUZZER OFF
2026-09-24 03:42:18,651 - [ALARM][CAMERA] PERSON detected -> BUZZER ON for 2 seconds
2026-09-24 03:42:21,148 - [ALARM][CAMERA] 2-second alarm expired -> BUZZER OFF
2026-09-24 03:42:21,447 - [ALARM][CAMERA] PERSON detected -> BUZZER ON for 2 seconds
2026-09-24 03:42:23,531 - [ALARM][CAMERA] PERSON detected -> BUZZER ON for 2 seconds
2026-09-24 03:42:25,646 - [ALARM][CAMERA] 2-second alarm expired -> BUZZER OFF
2026-09-24 03:42:28,170 - [ALARM][CAMERA] 2-second alarm expired -> BUZZER OFF
2026-09-24 03:42:29,260 - [ALARM][CAMERA] PERSON detected -> BUZZER ON for 2 seconds
2026-09-24 03:42:31,657 - [ALARM][CAMERA] 2-second alarm expired -> BUZZER OFF
2026-09-24 03:42:34,330 - [ALARM][CAMERA] PERSON detected -> BUZZER ON for 2 seconds
2026-09-24 03:42:35,843 - [ALARM][CAMERA] PERSON detected -> BUZZER ON for 2 seconds
2026-09-24 03:42:37,311 - [ALARM][CAMERA] PERSON detected -> BUZZER ON for 2 seconds
2026-09-24 03:42:38,697 - [ALARM][CAMERA] PERSON detected -> BUZZER ON for 2 seconds
2026-09-24 03:42:40,824 - [ALARM][CAMERA] PERSON detected -> BUZZER ON for 2 seconds
2026-09-24 03:42:42,248 - [ALARM][CAMERA] PERSON detected -> BUZZER ON for 2 seconds
2026-09-24 03:42:43,613 - [ALARM][CAMERA] PERSON detected -> BUZZER ON for 2 seconds
2026-09-24 03:42:45,644 - [ALARM][CAMERA] 2-second alarm expired -> BUZZER OFF
2026-09-24 03:42:48,651 - [ALARM][CAMERA] 2-second alarm expired -> BUZZER OFF
2026-09-24 03:42:48,712 - [ALARM][CAMERA] PERSON detected -> BUZZER ON for 2 seconds
2026-09-24 03:42:51,151 - [ALARM][CAMERA] 2-second alarm expired -> BUZZER OFF
2026-09-24 03:42:52,224 - [ALARM][CAMERA] PERSON detected -> BUZZER ON for 2 seconds
2026-09-24 03:42:54,664 - [ALARM][CAMERA] 2-second alarm expired -> BUZZER OFF
2026-09-24 03:42:56,562 - [ALARM][CAMERA] PERSON detected -> BUZZER ON for 2 seconds
2026-09-24 03:42:58,643 - [ALARM][CAMERA] 2-second alarm expired -> BUZZER OFF
2026-09-24 03:43:00,801 - [ALARM][CAMERA] PERSON detected -> BUZZER ON for 2 seconds
2026-09-24 03:43:03,157 - [ALARM][CAMERA] 2-second alarm expired -> BUZZER OFF
2026-09-24 03:43:08,630 - [ALARM][CAMERA] PERSON detected -> BUZZER ON for 2 seconds
2026-09-24 03:43:10,652 - [ALARM][CAMERA] 2-second alarm expired -> BUZZER OFF
2026-09-24 03:43:15,918 - [ALARM][CAMERA] PERSON detected -> BUZZER ON for 2 seconds
2026-09-24 03:43:17,445 - [ALARM][CAMERA] PERSON detected -> BUZZER ON for 2 seconds
2026-09-24 03:43:19,643 - [ALARM][CAMERA] 2-second alarm expired -> BUZZER OFF
2026-09-24 03:43:20,098 - [ALARM][CAMERA] PERSON detected -> BUZZER ON for 2 seconds
2026-09-24 03:43:22,158 - [ALARM][CAMERA] 2-second alarm expired -> BUZZER OFF
2026-09-24 03:43:29,660 - [ALARM][CAMERA] 2-second alarm expired -> BUZZER OFF
2026-09-24 03:43:32,031 - [ALARM][CAMERA] PERSON detected -> BUZZER ON for 2 seconds
2026-09-24 03:43:34,157 - [ALARM][CAMERA] 2-second alarm expired -> BUZZER OFF
2026-09-24 03:43:39,668 - [ALARM][CAMERA] 2-second alarm expired -> BUZZER OFF
2026-09-24 03:43:43,376 - [ALARM][CAMERA] PERSON detected -> BUZZER ON for 2 seconds
2026-09-24 03:43:45,663 - [ALARM][CAMERA] 2-second alarm expired -> BUZZER OFF
2026-09-24 03:43:50,033 - [ALARM][CAMERA] PERSON detected -> BUZZER ON for 2 seconds
2026-09-24 03:43:52,154 - [ALARM][CAMERA] 2-second alarm expired -> BUZZER OFF
2026-09-24 03:43:58,760 - [ALARM][CAMERA] PERSON detected -> BUZZER ON for 2 seconds
2026-09-24 03:44:00,892 - [ALARM][CAMERA] PERSON detected -> BUZZER ON for 2 seconds
2026-09-24 03:44:03,151 - [ALARM][CAMERA] 2-second alarm expired -> BUZZER OFF
2026-09-24 03:44:06,894 - [ALARM][CAMERA] PERSON detected -> BUZZER ON for 2 seconds
2026-09-24 03:44:08,276 - [ALARM][CAMERA] PERSON detected -> BUZZER ON for 2 seconds
2026-09-24 03:44:10,646 - [ALARM][CAMERA] 2-second alarm expired -> BUZZER OFF
2026-09-24 03:44:14,134 - [ALARM][CAMERA] PERSON detected -> BUZZER ON for 2 seconds
2026-09-24 03:44:15,433 - [ALARM][CAMERA] PERSON detected -> BUZZER ON for 2 seconds
2026-09-24 03:44:17,657 - [ALARM][CAMERA] 2-second alarm expired -> BUZZER OFF
2026-09-24 03:44:18,869 - [ALARM][CAMERA] PERSON detected -> BUZZER ON for 2 seconds
2026-09-24 03:44:20,728 - [ALARM][CAMERA] PERSON detected -> BUZZER ON for 2 seconds
2026-09-24 03:44:23,148 - [ALARM][CAMERA] 2-second alarm expired -> BUZZER OFF
2026-09-24 03:44:24,592 - [ALARM][CAMERA] PERSON detected -> BUZZER ON for 2 seconds
2026-09-24 03:44:26,645 - [ALARM][CAMERA] 2-second alarm expired -> BUZZER OFF
2026-09-24 03:44:30,733 - [ALARM][CAMERA] PERSON detected -> BUZZER ON for 2 seconds
2026-09-24 03:44:33,144 - [ALARM][CAMERA] 2-second alarm expired -> BUZZER OFF
2026-09-24 03:44:35,941 - [ALARM][CAMERA] PERSON detected -> BUZZER ON for 2 seconds
2026-09-24 03:44:38,167 - [ALARM][CAMERA] 2-second alarm expired -> BUZZER OFF
2026-09-24 03:44:39,330 - [ALARM][CAMERA] PERSON detected -> BUZZER ON for 2 seconds
2026-09-24 03:44:41,657 - [ALARM][CAMERA] 2-second alarm expired -> BUZZER OFF
2026-09-24 03:44:41,967 - [ALARM][CAMERA] PERSON detected -> BUZZER ON for 2 seconds
2026-09-24 03:44:43,905 - [ALARM][CAMERA] PERSON detected -> BUZZER ON for 2 seconds
2026-09-24 03:44:46,143 - [ALARM][CAMERA] 2-second alarm expired -> BUZZER OFF
2026-09-24 03:44:51,080 - [ALARM][CAMERA] PERSON detected -> BUZZER ON for 2 seconds
2026-09-24 03:44:53,173 - [ALARM][CAMERA] 2-second alarm expired -> BUZZER OFF
2026-09-24 03:44:53,716 - [ALARM][CAMERA] PERSON detected -> BUZZER ON for 2 seconds
2026-09-24 03:44:56,152 - [ALARM][CAMERA] 2-second alarm expired -> BUZZER OFF
2026-09-24 03:45:01,127 - [ALARM][CAMERA] PERSON detected -> BUZZER ON for 2 seconds
2026-09-24 03:45:03,148 - [ALARM][CAMERA] 2-second alarm expired -> BUZZER OFF
2026-09-24 03:45:03,649 - [ALARM][CAMERA] PERSON detected -> BUZZER ON for 2 seconds
2026-09-24 03:45:05,559 - [ALARM][CAMERA] PERSON detected -> BUZZER ON for 2 seconds
2026-09-24 03:45:07,657 - [ALARM][CAMERA] 2-second alarm expired -> BUZZER OFF
2026-09-24 03:45:11,571 - [ALARM][CAMERA] PERSON detected -> BUZZER ON for 2 seconds
2026-09-24 03:45:13,519 - [ALARM][CAMERA] PERSON detected -> BUZZER ON for 2 seconds
2026-09-24 03:45:15,468 - [ALARM][CAMERA] PERSON detected -> BUZZER ON for 2 seconds
2026-09-24 03:45:17,657 - [ALARM][CAMERA] 2-second alarm expired -> BUZZER OFF
2026-09-24 03:45:19,431 - [ALARM][CAMERA] PERSON detected -> BUZZER ON for 2 seconds
2026-09-24 03:45:21,392 - [ALARM][CAMERA] PERSON detected -> BUZZER ON for 2 seconds
2026-09-24 03:45:23,661 - [ALARM][CAMERA] 2-second alarm expired -> BUZZER OFF
2026-09-24 03:45:24,228 - [ALARM][CAMERA] PERSON detected -> BUZZER ON for 2 seconds
2026-09-24 03:45:26,647 - [ALARM][CAMERA] 2-second alarm expired -> BUZZER OFF
2026-09-24 03:45:26,841 - [ALARM][CAMERA] PERSON detected -> BUZZER ON for 2 seconds
2026-09-24 03:45:29,144 - [ALARM][CAMERA] 2-second alarm expired -> BUZZER OFF
2026-09-24 03:45:29,485 - [ALARM][CAMERA] PERSON detected -> BUZZER ON for 2 seconds
2026-09-24 03:45:32,662 - [ALARM][CAMERA] 2-second alarm expired -> BUZZER OFF
2026-09-24 03:45:34,147 - [ALARM][CAMERA] PERSON detected -> BUZZER ON for 2 seconds
2026-09-24 03:45:36,153 - [ALARM][CAMERA] 2-second alarm expired -> BUZZER OFF
2026-09-24 03:45:38,173 - [ALARM][CAMERA] PERSON detected -> BUZZER ON for 2 seconds
2026-09-24 03:45:41,472 - [ALARM][CAMERA] PERSON detected -> BUZZER ON for 2 seconds
2026-09-24 03:45:42,806 - [ALARM][CAMERA] PERSON detected -> BUZZER ON for 2 seconds
2026-09-24 03:45:45,147 - [ALARM][CAMERA] 2-second alarm expired -> BUZZER OFF
2026-09-24 03:45:53,143 - [ALARM][CAMERA] 2-second alarm expired -> BUZZER OFF
2026-09-24 03:45:53,472 - [ALARM][CAMERA] PERSON detected -> BUZZER ON for 2 seconds
2026-09-24 03:45:54,740 - [ALARM][CAMERA] PERSON detected -> BUZZER ON for 2 seconds
2026-09-24 03:45:57,147 - [ALARM][CAMERA] 2-second alarm expired -> BUZZER OFF
2026-09-24 03:46:00,144 - [ALARM][CAMERA] 2-second alarm expired -> BUZZER OFF
2026-09-24 03:46:02,016 - [ALARM][CAMERA] PERSON detected -> BUZZER ON for 2 seconds
2026-09-24 03:46:04,211 - [ALARM][CAMERA] 2-second alarm expired -> BUZZER OFF
2026-09-24 03:46:10,221 - [ALARM][CAMERA] 2-second alarm expired -> BUZZER OFF
2026-09-24 03:46:16,382 - [ALARM][CAMERA] PERSON detected -> BUZZER ON for 2 seconds
2026-09-24 03:46:20,734 - [ALARM][CAMERA] 2-second alarm expired -> BUZZER OFF
2026-09-24 03:46:21,180 - [ALARM][CAMERA] PERSON detected -> BUZZER ON for 2 seconds
2026-09-24 03:46:23,229 - [ALARM][CAMERA] 2-second alarm expired -> BUZZER OFF
2026-09-24 03:46:27,659 - [ALARM][CAMERA] PERSON detected -> BUZZER ON for 2 seconds
2026-09-24 03:46:29,164 - [ALARM][CAMERA] PERSON detected -> BUZZER ON for 2 seconds
2026-09-24 03:46:31,092 - [ALARM][CAMERA] PERSON detected -> BUZZER ON for 2 seconds
2026-09-24 03:46:33,221 - [ALARM][CAMERA] 2-second alarm expired -> BUZZER OFF
2026-09-24 03:46:38,332 - [ALARM][CAMERA] PERSON detected -> BUZZER ON for 2 seconds
2026-09-24 03:46:40,296 - [ALARM][CAMERA] PERSON detected -> BUZZER ON for 2 seconds
2026-09-24 03:46:42,725 - [ALARM][CAMERA] 2-second alarm expired -> BUZZER OFF
2026-09-24 03:46:51,222 - [ALARM][CAMERA] 2-second alarm expired -> BUZZER OFF
2026-09-24 03:46:54,171 - [ALARM][CAMERA] PERSON detected -> BUZZER ON for 2 seconds
2026-09-24 03:46:56,184 - [ALARM][CAMERA] PERSON detected -> BUZZER ON for 2 seconds
2026-09-24 03:46:58,233 - [ALARM][CAMERA] 2-second alarm expired -> BUZZER OFF
2026-09-24 03:47:01,723 - [ALARM][CAMERA] 2-second alarm expired -> BUZZER OFF
2026-09-24 03:47:10,103 - [ALARM][CAMERA] PERSON detected -> BUZZER ON for 2 seconds
2026-09-24 03:47:12,232 - [ALARM][CAMERA] 2-second alarm expired -> BUZZER OFF
2026-09-24 03:47:21,749 - [ALARM][CAMERA] 2-second alarm expired -> BUZZER OFF
2026-09-24 03:47:25,871 - [ALARM][CAMERA] PERSON detected -> BUZZER ON for 2 seconds
2026-09-24 03:47:28,226 - [ALARM][CAMERA] 2-second alarm expired -> BUZZER OFF
2026-09-24 03:47:32,282 - [ALARM][CAMERA] 2-second alarm expired -> BUZZER OFF
2026-09-24 03:47:38,345 - [ALARM][CAMERA] PERSON detected -> BUZZER ON for 2 seconds
2026-09-24 03:47:41,089 - [ALARM][CAMERA] PERSON detected -> BUZZER ON for 2 seconds
2026-09-24 03:47:42,995 - [ALARM][CAMERA] PERSON detected -> BUZZER ON for 2 seconds
2026-09-24 03:47:45,327 - [ALARM][CAMERA] 2-second alarm expired -> BUZZER OFF
2026-09-24 03:47:46,173 - [ALARM][CAMERA] PERSON detected -> BUZZER ON for 2 seconds
2026-09-24 03:47:48,316 - [ALARM][CAMERA] 2-second alarm expired -> BUZZER OFF
2026-09-24 03:47:52,334 - [ALARM][CAMERA] 2-second alarm expired -> BUZZER OFF
2026-09-24 03:47:59,362 - [ALARM][CAMERA] PERSON detected -> BUZZER ON for 2 seconds
2026-09-24 03:48:02,777 - [ALARM][CAMERA] PERSON detected -> BUZZER ON for 2 seconds
2026-09-24 03:48:03,554 - [ALARM][CAMERA] PERSON detected -> BUZZER ON for 2 seconds
2026-09-24 03:48:06,832 - [ALARM][CAMERA] 2-second alarm expired -> BUZZER OFF
2026-09-24 03:48:09,550 - [ALARM][CAMERA] PERSON detected -> BUZZER ON for 2 seconds
2026-09-24 03:48:11,826 - [ALARM][CAMERA] 2-second alarm expired -> BUZZER OFF
2026-09-24 03:48:14,327 - [ALARM][CAMERA] 2-second alarm expired -> BUZZER OFF
2026-09-24 03:48:23,040 - [ALARM][CAMERA] PERSON detected -> BUZZER ON for 2 seconds
2026-09-24 03:48:25,352 - [ALARM][CAMERA] 2-second alarm expired -> BUZZER OFF
2026-09-24 03:48:28,533 - [ALARM][CAMERA] PERSON detected -> BUZZER ON for 2 seconds
2026-09-24 03:48:30,896 - [ALARM][CAMERA] 2-second alarm expired -> BUZZER OFF
2026-09-24 03:48:32,880 - [ALARM][CAMERA] PERSON detected -> BUZZER ON for 2 seconds
2026-09-24 03:48:34,902 - [ALARM][CAMERA] 2-second alarm expired -> BUZZER OFF
2026-09-24 03:48:40,772 - [ALARM][CAMERA] PERSON detected -> BUZZER ON for 2 seconds
2026-09-24 03:48:43,686 - [ALARM][CAMERA] PERSON detected -> BUZZER ON for 2 seconds
2026-09-24 03:48:45,898 - [ALARM][CAMERA] 2-second alarm expired -> BUZZER OFF
2026-09-24 03:48:47,694 - [ALARM][CAMERA] PERSON detected -> BUZZER ON for 2 seconds
2026-09-24 03:48:49,904 - [ALARM][CAMERA] 2-second alarm expired -> BUZZER OFF
2026-09-24 03:48:50,388 - [ALARM][CAMERA] PERSON detected -> BUZZER ON for 2 seconds
2026-09-24 03:48:52,409 - [ALARM][CAMERA] 2-second alarm expired -> BUZZER OFF
2026-09-24 03:48:54,900 - [ALARM][CAMERA] 2-second alarm expired -> BUZZER OFF
2026-09-24 03:48:57,552 - [ALARM][CAMERA] PERSON detected -> BUZZER ON for 2 seconds
2026-09-24 03:48:59,894 - [ALARM][CAMERA] 2-second alarm expired -> BUZZER OFF
2026-09-24 03:49:02,393 - [ALARM][CAMERA] 2-second alarm expired -> BUZZER OFF
2026-09-24 03:49:04,203 - [ALARM][CAMERA] PERSON detected -> BUZZER ON for 2 seconds
2026-09-24 03:49:06,400 - [ALARM][CAMERA] 2-second alarm expired -> BUZZER OFF
2026-09-24 03:49:08,726 - [ALARM][CAMERA] PERSON detected -> BUZZER ON for 2 seconds
2026-09-24 03:49:10,129 - [ALARM][CAMERA] PERSON detected -> BUZZER ON for 2 seconds
2026-09-24 03:49:12,418 - [ALARM][CAMERA] 2-second alarm expired -> BUZZER OFF
2026-09-24 03:49:12,767 - [ALARM][CAMERA] PERSON detected -> BUZZER ON for 2 seconds
2026-09-24 03:49:14,650 - [ALARM][CAMERA] PERSON detected -> BUZZER ON for 2 seconds
2026-09-24 03:49:16,906 - [ALARM][CAMERA] 2-second alarm expired -> BUZZER OFF
2026-09-24 03:49:20,811 - [ALARM][CAMERA] PERSON detected -> BUZZER ON for 2 seconds
2026-09-24 03:49:22,918 - [ALARM][CAMERA] 2-second alarm expired -> BUZZER OFF
2026-09-24 03:49:25,661 - [ALARM][CAMERA] PERSON detected -> BUZZER ON for 2 seconds
2026-09-24 03:49:27,907 - [ALARM][CAMERA] 2-second alarm expired -> BUZZER OFF
2026-09-24 03:49:28,156 - [ALARM][CAMERA] PERSON detected -> BUZZER ON for 2 seconds
2026-09-24 03:49:30,250 - [ALARM][CAMERA] PERSON detected -> BUZZER ON for 2 seconds
2026-09-24 03:49:32,905 - [ALARM][CAMERA] 2-second alarm expired -> BUZZER OFF
2026-09-24 03:49:33,110 - [ALARM][CAMERA] PERSON detected -> BUZZER ON for 2 seconds
2026-09-24 03:49:35,401 - [ALARM][CAMERA] 2-second alarm expired -> BUZZER OFF
2026-09-24 03:49:35,899 - [ALARM][CAMERA] PERSON detected -> BUZZER ON for 2 seconds
2026-09-24 03:49:37,856 - [ALARM][CAMERA] PERSON detected -> BUZZER ON for 2 seconds
2026-09-24 03:49:39,909 - [ALARM][CAMERA] 2-second alarm expired -> BUZZER OFF
2026-09-24 03:49:41,497 - [ALARM][CAMERA] PERSON detected -> BUZZER ON for 2 seconds
2026-09-24 03:49:42,801 - [ALARM][CAMERA] PERSON detected -> BUZZER ON for 2 seconds
2026-09-24 03:49:44,902 - [ALARM][CAMERA] 2-second alarm expired -> BUZZER OFF
2026-09-24 03:49:45,490 - [ALARM][CAMERA] PERSON detected -> BUZZER ON for 2 seconds
2026-09-24 03:49:47,906 - [ALARM][CAMERA] 2-second alarm expired -> BUZZER OFF
2026-09-24 03:49:53,909 - [ALARM][CAMERA] 2-second alarm expired -> BUZZER OFF
2026-09-24 03:50:03,895 - [ALARM][CAMERA] 2-second alarm expired -> BUZZER OFF
2026-09-24 03:50:14,415 - [ALARM][CAMERA] 2-second alarm expired -> BUZZER OFF
2026-09-24 03:50:24,407 - [ALARM][CAMERA] 2-second alarm expired -> BUZZER OFF
2026-09-24 03:50:34,909 - [ALARM][CAMERA] 2-second alarm expired -> BUZZER OFF
2026-09-24 03:50:37,047 - [ALARM][CAMERA] PERSON detected -> BUZZER ON for 2 seconds
2026-09-24 03:50:39,399 - [ALARM][CAMERA] 2-second alarm expired -> BUZZER OFF
2026-09-24 03:50:44,899 - [ALARM][CAMERA] 2-second alarm expired -> BUZZER OFF
2026-09-24 03:50:55,400 - [ALARM][CAMERA] 2-second alarm expired -> BUZZER OFF
2026-09-24 03:51:05,894 - [ALARM][CAMERA] 2-second alarm expired -> BUZZER OFF
2026-09-24 03:51:15,897 - [ALARM][CAMERA] 2-second alarm expired -> BUZZER OFF
2026-09-24 03:51:26,396 - [ALARM][CAMERA] 2-second alarm expired -> BUZZER OFF
2026-09-24 03:51:36,456 - [ALARM][CAMERA] 2-second alarm expired -> BUZZER OFF
2026-09-24 03:51:46,468 - [ALARM][CAMERA] 2-second alarm expired -> BUZZER OFF
2026-09-24 03:51:56,951 - [ALARM][CAMERA] 2-second alarm expired -> BUZZER OFF
2026-09-24 03:52:07,443 - [ALARM][CAMERA] 2-second alarm expired -> BUZZER OFF
2026-09-24 03:52:14,451 - [ALARM][CAMERA] 2-second alarm expired -> BUZZER OFF
2026-09-24 03:52:24,454 - [ALARM][CAMERA] 2-second alarm expired -> BUZZER OFF
2026-09-24 03:52:34,952 - [ALARM][CAMERA] 2-second alarm expired -> BUZZER OFF
2026-09-24 03:52:44,947 - [ALARM][CAMERA] 2-second alarm expired -> BUZZER OFF
2026-09-24 03:52:55,465 - [ALARM][CAMERA] 2-second alarm expired -> BUZZER OFF
2026-09-24 03:53:05,982 - [ALARM][CAMERA] 2-second alarm expired -> BUZZER OFF
2026-09-24 03:53:15,976 - [ALARM][CAMERA] 2-second alarm expired -> BUZZER OFF
2026-09-24 03:53:25,971 - [ALARM][CAMERA] 2-second alarm expired -> BUZZER OFF
2026-09-24 03:53:36,476 - [ALARM][CAMERA] 2-second alarm expired -> BUZZER OFF
2026-09-24 03:53:46,997 - [ALARM][CAMERA] 2-second alarm expired -> BUZZER OFF
2026-09-24 03:53:57,477 - [ALARM][CAMERA] 2-second alarm expired -> BUZZER OFF
2026-09-24 03:54:07,486 - [ALARM][CAMERA] 2-second alarm expired -> BUZZER OFF
2026-09-24 03:54:17,981 - [ALARM][CAMERA] 2-second alarm expired -> BUZZER OFF
2026-09-24 03:54:19,041 - [ALARM][CAMERA] PERSON detected -> BUZZER ON for 2 seconds
2026-09-24 03:54:21,978 - [ALARM][CAMERA] 2-second alarm expired -> BUZZER OFF
2026-09-24 03:54:25,406 - [ALARM][CAMERA] PERSON detected -> BUZZER ON for 2 seconds
2026-09-24 03:54:27,524 - [ALARM][CAMERA] 2-second alarm expired -> BUZZER OFF
2026-09-24 03:54:30,522 - [ALARM][CAMERA] 2-second alarm expired -> BUZZER OFF
2026-09-24 17:26:15,008 - Starting background VLM surveillance pipeline...
2026-09-24 17:26:59,810 - [ALARM][CAMERA] PERSON detected -> BUZZER ON for 2 seconds
2026-09-24 17:27:01,990 - [ALARM][CAMERA] 2-second alarm expired -> BUZZER OFF
2026-09-24 17:29:01,916 - [ALARM][CAMERA] 2-second alarm expired -> BUZZER OFF
2026-09-24 17:29:12,097 - [ALARM][CAMERA] 2-second alarm expired -> BUZZER OFF
2026-09-24 17:29:16,690 - [ALARM][CAMERA] 2-second alarm expired -> BUZZER OFF
2026-09-24 17:29:23,819 - [ALARM][CAMERA] 2-second alarm expired -> BUZZER OFF
2026-09-24 17:29:34,016 - [ALARM][CAMERA] 2-second alarm expired -> BUZZER OFF
2026-09-24 17:29:45,730 - [ALARM][CAMERA] 2-second alarm expired -> BUZZER OFF
2026-09-24 17:29:53,915 - [ALARM][CAMERA] 2-second alarm expired -> BUZZER OFF
2026-09-24 17:30:04,112 - [ALARM][CAMERA] 2-second alarm expired -> BUZZER OFF
2026-09-24 17:30:08,203 - [ALARM][CAMERA] 2-second alarm expired -> BUZZER OFF
2026-09-24 17:30:15,287 - [ALARM][CAMERA] 2-second alarm expired -> BUZZER OFF
2026-09-24 17:30:25,434 - [ALARM][CAMERA] 2-second alarm expired -> BUZZER OFF
2026-09-24 17:30:36,073 - [ALARM][CAMERA] 2-second alarm expired -> BUZZER OFF
2026-09-24 17:30:46,293 - [ALARM][CAMERA] 2-second alarm expired -> BUZZER OFF
2026-09-24 17:30:56,500 - [ALARM][CAMERA] 2-second alarm expired -> BUZZER OFF
2026-09-24 17:31:06,704 - [ALARM][CAMERA] 2-second alarm expired -> BUZZER OFF
2026-09-24 17:31:16,841 - [ALARM][CAMERA] 2-second alarm expired -> BUZZER OFF
2026-09-24 17:31:27,039 - [ALARM][CAMERA] 2-second alarm expired -> BUZZER OFF
2026-09-24 17:31:34,653 - [ALARM][CAMERA] 2-second alarm expired -> BUZZER OFF
2026-09-24 17:31:44,836 - [ALARM][CAMERA] 2-second alarm expired -> BUZZER OFF
2026-09-24 17:31:54,952 - [ALARM][CAMERA] 2-second alarm expired -> BUZZER OFF
2026-09-24 17:32:05,109 - [ALARM][CAMERA] 2-second alarm expired -> BUZZER OFF
2026-09-24 17:32:15,333 - [ALARM][CAMERA] 2-second alarm expired -> BUZZER OFF
2026-09-24 17:32:19,408 - [ALARM][CAMERA] 2-second alarm expired -> BUZZER OFF
2026-09-24 17:32:27,025 - [ALARM][CAMERA] 2-second alarm expired -> BUZZER OFF
2026-09-24 17:32:37,705 - [ALARM][CAMERA] 2-second alarm expired -> BUZZER OFF
2026-09-24 17:32:48,200 - [ALARM][CAMERA] 2-second alarm expired -> BUZZER OFF
2026-09-24 17:32:58,698 - [ALARM][CAMERA] 2-second alarm expired -> BUZZER OFF
2026-09-24 17:33:08,704 - [ALARM][CAMERA] 2-second alarm expired -> BUZZER OFF
2026-09-24 17:33:19,213 - [ALARM][CAMERA] 2-second alarm expired -> BUZZER OFF
2026-09-24 17:33:29,690 - [ALARM][CAMERA] 2-second alarm expired -> BUZZER OFF
2026-09-24 17:33:40,233 - [ALARM][CAMERA] 2-second alarm expired -> BUZZER OFF
2026-09-24 17:33:50,735 - [ALARM][CAMERA] 2-second alarm expired -> BUZZER OFF
2026-09-24 17:34:01,234 - [ALARM][CAMERA] 2-second alarm expired -> BUZZER OFF
2026-09-24 17:34:08,727 - [ALARM][CAMERA] 2-second alarm expired -> BUZZER OFF
2026-09-24 17:34:21,722 - [ALARM][CAMERA] 2-second alarm expired -> BUZZER OFF
2026-09-24 17:34:29,284 - [ALARM][CAMERA] 2-second alarm expired -> BUZZER OFF
2026-09-24 17:34:39,780 - [ALARM][CAMERA] 2-second alarm expired -> BUZZER OFF
2026-09-24 17:34:49,782 - [ALARM][CAMERA] 2-second alarm expired -> BUZZER OFF
2026-09-24 17:35:00,286 - [ALARM][CAMERA] 2-second alarm expired -> BUZZER OFF
2026-09-24 17:35:10,770 - [ALARM][CAMERA] 2-second alarm expired -> BUZZER OFF
2026-09-24 17:35:21,285 - [ALARM][CAMERA] 2-second alarm expired -> BUZZER OFF
2026-09-24 17:35:31,787 - [ALARM][CAMERA] 2-second alarm expired -> BUZZER OFF
2026-09-24 17:35:35,778 - [ALARM][CAMERA] 2-second alarm expired -> BUZZER OFF
2026-09-24 17:35:43,281 - [ALARM][CAMERA] 2-second alarm expired -> BUZZER OFF
2026-09-24 17:35:47,273 - [ALARM][CAMERA] 2-second alarm expired -> BUZZER OFF
2026-09-24 17:35:51,778 - [ALARM][CAMERA] 2-second alarm expired -> BUZZER OFF
2026-09-24 17:36:02,274 - [ALARM][CAMERA] 2-second alarm expired -> BUZZER OFF
2026-09-24 17:36:09,286 - [ALARM][CAMERA] 2-second alarm expired -> BUZZER OFF
2026-09-24 17:36:13,278 - [ALARM][CAMERA] 2-second alarm expired -> BUZZER OFF
2026-09-24 17:36:23,784 - [ALARM][CAMERA] 2-second alarm expired -> BUZZER OFF
2026-09-24 17:36:33,768 - [ALARM][CAMERA] 2-second alarm expired -> BUZZER OFF
2026-09-24 17:36:40,783 - [ALARM][CAMERA] 2-second alarm expired -> BUZZER OFF
2026-09-24 17:36:51,281 - [ALARM][CAMERA] 2-second alarm expired -> BUZZER OFF
2026-09-24 17:37:04,330 - [ALARM][CAMERA] 2-second alarm expired -> BUZZER OFF
2026-09-24 17:37:11,327 - [ALARM][CAMERA] 2-second alarm expired -> BUZZER OFF
2026-09-24 17:37:15,962 - [ALARM][CAMERA] PERSON detected -> BUZZER ON for 2 seconds
2026-09-24 17:37:17,298 - [ALARM][CAMERA] PERSON detected -> BUZZER ON for 2 seconds
2026-09-24 17:37:17,299 - [ALARM][CAMERA] PERSON detected -> BUZZER ON for 2 seconds
2026-09-24 17:37:19,355 - [ALARM][CAMERA] PERSON detected -> BUZZER ON for 2 seconds
2026-09-24 17:37:22,333 - [ALARM][CAMERA] 2-second alarm expired -> BUZZER OFF
2026-09-24 17:37:22,416 - [ALARM][CAMERA] PERSON detected -> BUZZER ON for 2 seconds
2026-09-24 17:37:24,368 - [ALARM][CAMERA] PERSON detected -> BUZZER ON for 2 seconds
2026-09-24 17:37:26,737 - [ALARM][CAMERA] PERSON detected -> BUZZER ON for 2 seconds
2026-09-24 17:37:27,708 - [ALARM][CAMERA] PERSON detected -> BUZZER ON for 2 seconds
2026-09-24 17:37:29,334 - [ALARM][CAMERA] PERSON detected -> BUZZER ON for 2 seconds
2026-09-24 17:37:31,255 - [ALARM][CAMERA] PERSON detected -> BUZZER ON for 2 seconds
2026-09-24 17:37:33,323 - [ALARM][CAMERA] 2-second alarm expired -> BUZZER OFF
2026-09-24 17:37:34,202 - [ALARM][CAMERA] PERSON detected -> BUZZER ON for 2 seconds
2026-09-24 17:37:36,823 - [ALARM][CAMERA] 2-second alarm expired -> BUZZER OFF
2026-09-24 17:37:40,816 - [ALARM][CAMERA] 2-second alarm expired -> BUZZER OFF
2026-09-24 17:37:41,164 - [ALARM][CAMERA] PERSON detected -> BUZZER ON for 2 seconds
2026-09-24 17:37:45,599 - [ALARM][CAMERA] PERSON detected -> BUZZER ON for 2 seconds
2026-09-24 17:37:46,346 - [ALARM][CAMERA] PERSON detected -> BUZZER ON for 2 seconds
2026-09-24 17:37:51,331 - [ALARM][CAMERA] 2-second alarm expired -> BUZZER OFF
2026-09-24 17:37:55,170 - [ALARM][CAMERA] PERSON detected -> BUZZER ON for 2 seconds
2026-09-24 17:37:57,815 - [ALARM][CAMERA] 2-second alarm expired -> BUZZER OFF
2026-09-24 17:38:00,528 - [ALARM][CAMERA] PERSON detected -> BUZZER ON for 2 seconds
2026-09-24 17:38:00,528 - [ALARM][CAMERA] PERSON detected -> BUZZER ON for 2 seconds
2026-09-24 17:38:04,836 - [ALARM][CAMERA] 2-second alarm expired -> BUZZER OFF
2026-09-24 17:38:09,828 - [ALARM][CAMERA] 2-second alarm expired -> BUZZER OFF
2026-09-24 17:38:11,350 - [ALARM][CAMERA] PERSON detected -> BUZZER ON for 2 seconds
2026-09-24 17:38:13,837 - [ALARM][CAMERA] 2-second alarm expired -> BUZZER OFF
2026-09-24 17:38:18,327 - [ALARM][CAMERA] 2-second alarm expired -> BUZZER OFF
2026-09-24 17:38:20,976 - [ALARM][CAMERA] PERSON detected -> BUZZER ON for 2 seconds
2026-09-24 17:38:23,326 - [ALARM][CAMERA] 2-second alarm expired -> BUZZER OFF
2026-09-24 17:38:25,366 - [ALARM][CAMERA] PERSON detected -> BUZZER ON for 2 seconds
2026-09-24 17:38:27,827 - [ALARM][CAMERA] 2-second alarm expired -> BUZZER OFF
2026-09-24 17:38:31,297 - [ALARM][CAMERA] PERSON detected -> BUZZER ON for 2 seconds
2026-09-24 17:38:32,079 - [ALARM][CAMERA] PERSON detected -> BUZZER ON for 2 seconds
2026-09-24 17:38:35,318 - [ALARM][CAMERA] 2-second alarm expired -> BUZZER OFF
2026-09-24 17:38:40,317 - [ALARM][CAMERA] 2-second alarm expired -> BUZZER OFF
2026-09-24 17:39:01,672 - [ALARM][CAMERA] PERSON detected -> BUZZER ON for 2 seconds
2026-09-24 17:39:03,788 - [ALARM][CAMERA] PERSON detected -> BUZZER ON for 2 seconds
2026-09-24 17:39:05,818 - [ALARM][CAMERA] 2-second alarm expired -> BUZZER OFF
2026-09-24 17:39:09,821 - [ALARM][CAMERA] 2-second alarm expired -> BUZZER OFF
2026-09-24 17:39:15,643 - [ALARM][CAMERA] PERSON detected -> BUZZER ON for 2 seconds
2026-09-24 17:39:17,845 - [ALARM][CAMERA] 2-second alarm expired -> BUZZER OFF
2026-09-24 17:39:19,858 - [ALARM][CAMERA] PERSON detected -> BUZZER ON for 2 seconds
2026-09-24 17:39:20,454 - [ALARM][CAMERA] PERSON detected -> BUZZER ON for 2 seconds
2026-09-24 17:39:24,315 - [ALARM][CAMERA] 2-second alarm expired -> BUZZER OFF
2026-09-24 17:39:28,329 - [ALARM][CAMERA] 2-second alarm expired -> BUZZER OFF
2026-09-24 17:39:35,335 - [ALARM][CAMERA] 2-second alarm expired -> BUZZER OFF
2026-09-24 17:39:35,379 - [ALARM][CAMERA] PERSON detected -> BUZZER ON for 2 seconds
2026-09-24 17:39:40,343 - [ALARM][CAMERA] 2-second alarm expired -> BUZZER OFF
2026-09-24 17:39:47,367 - [ALARM][CAMERA] 2-second alarm expired -> BUZZER OFF
2026-09-24 17:39:51,348 - [ALARM][CAMERA] 2-second alarm expired -> BUZZER OFF
2026-09-24 17:39:55,350 - [ALARM][CAMERA] 2-second alarm expired -> BUZZER OFF
2026-09-24 17:39:59,857 - [ALARM][CAMERA] 2-second alarm expired -> BUZZER OFF
2026-09-24 17:40:03,861 - [ALARM][CAMERA] 2-second alarm expired -> BUZZER OFF
2026-09-24 17:40:07,856 - [ALARM][CAMERA] 2-second alarm expired -> BUZZER OFF
2026-09-24 17:40:11,847 - [ALARM][CAMERA] 2-second alarm expired -> BUZZER OFF
2026-09-24 17:40:14,066 - [ALARM][CAMERA] PERSON detected -> BUZZER ON for 2 seconds
2026-09-24 17:40:16,863 - [ALARM][CAMERA] 2-second alarm expired -> BUZZER OFF
2026-09-24 17:40:20,864 - [ALARM][CAMERA] 2-second alarm expired -> BUZZER OFF
2026-09-24 17:40:20,881 - [ALARM][CAMERA] PERSON detected -> BUZZER ON for 2 seconds
2026-09-24 17:40:23,595 - [ALARM][CAMERA] PERSON detected -> BUZZER ON for 2 seconds
2026-09-24 17:40:25,860 - [ALARM][CAMERA] 2-second alarm expired -> BUZZER OFF
2026-09-24 17:40:27,851 - [ALARM][CAMERA] PERSON detected -> BUZZER ON for 2 seconds
2026-09-24 17:40:29,857 - [ALARM][CAMERA] 2-second alarm expired -> BUZZER OFF
2026-09-24 17:40:34,357 - [ALARM][CAMERA] 2-second alarm expired -> BUZZER OFF
2026-09-24 17:40:38,365 - [ALARM][CAMERA] 2-second alarm expired -> BUZZER OFF
2026-09-24 17:40:40,627 - [ALARM][CAMERA] PERSON detected -> BUZZER ON for 2 seconds
2026-09-24 17:40:42,848 - [ALARM][CAMERA] 2-second alarm expired -> BUZZER OFF
2026-09-24 17:40:45,357 - [ALARM][CAMERA] 2-second alarm expired -> BUZZER OFF
2026-09-24 17:40:50,870 - [ALARM][CAMERA] PERSON detected -> BUZZER ON for 2 seconds
2026-09-24 17:40:50,870 - [ALARM][CAMERA] PERSON detected -> BUZZER ON for 2 seconds
2026-09-24 17:40:53,360 - [ALARM][CAMERA] 2-second alarm expired -> BUZZER OFF
2026-09-24 17:40:55,858 - [ALARM][CAMERA] 2-second alarm expired -> BUZZER OFF
2026-09-24 17:40:57,671 - [ALARM][CAMERA] PERSON detected -> BUZZER ON for 2 seconds
2026-09-24 17:40:59,853 - [ALARM][CAMERA] 2-second alarm expired -> BUZZER OFF
2026-09-24 17:41:03,854 - [ALARM][CAMERA] 2-second alarm expired -> BUZZER OFF
2026-09-24 17:41:07,851 - [ALARM][CAMERA] 2-second alarm expired -> BUZZER OFF
2026-09-24 17:41:11,888 - [ALARM][CAMERA] 2-second alarm expired -> BUZZER OFF
2026-09-24 17:41:17,334 - [ALARM][CAMERA] PERSON detected -> BUZZER ON for 2 seconds
2026-09-24 17:41:21,399 - [ALARM][CAMERA] 2-second alarm expired -> BUZZER OFF
2026-09-24 17:41:25,396 - [ALARM][CAMERA] 2-second alarm expired -> BUZZER OFF
2026-09-24 17:41:29,398 - [ALARM][CAMERA] 2-second alarm expired -> BUZZER OFF
2026-09-24 17:41:33,405 - [ALARM][CAMERA] 2-second alarm expired -> BUZZER OFF
2026-09-24 17:41:37,109 - [ALARM][CAMERA] PERSON detected -> BUZZER ON for 2 seconds
2026-09-24 17:41:39,406 - [ALARM][CAMERA] 2-second alarm expired -> BUZZER OFF
2026-09-24 17:41:39,991 - [ALARM][CAMERA] PERSON detected -> BUZZER ON for 2 seconds
2026-09-24 17:41:40,800 - [ALARM][CAMERA] PERSON detected -> BUZZER ON for 2 seconds
2026-09-24 17:41:42,909 - [ALARM][CAMERA] 2-second alarm expired -> BUZZER OFF
2026-09-24 17:41:43,260 - [ALARM][CAMERA] PERSON detected -> BUZZER ON for 2 seconds
2026-09-24 17:41:46,898 - [ALARM][CAMERA] 2-second alarm expired -> BUZZER OFF
2026-09-24 17:41:53,292 - [ALARM][CAMERA] PERSON detected -> BUZZER ON for 2 seconds
2026-09-24 17:41:54,793 - [ALARM][CAMERA] PERSON detected -> BUZZER ON for 2 seconds
2026-09-24 17:41:57,771 - [ALARM][CAMERA] PERSON detected -> BUZZER ON for 2 seconds
2026-09-24 17:42:01,900 - [ALARM][CAMERA] 2-second alarm expired -> BUZZER OFF
2026-09-24 17:42:05,902 - [ALARM][CAMERA] 2-second alarm expired -> BUZZER OFF
2026-09-24 17:42:10,089 - [ALARM][CAMERA] PERSON detected -> BUZZER ON for 2 seconds
2026-09-24 17:42:13,922 - [ALARM][CAMERA] 2-second alarm expired -> BUZZER OFF
2026-09-24 17:42:16,353 - [ALARM][CAMERA] PERSON detected -> BUZZER ON for 2 seconds
2026-09-24 17:42:18,394 - [ALARM][CAMERA] 2-second alarm expired -> BUZZER OFF
2026-09-24 17:42:19,319 - [ALARM][CAMERA] PERSON detected -> BUZZER ON for 2 seconds
2026-09-24 17:42:21,400 - [ALARM][CAMERA] 2-second alarm expired -> BUZZER OFF
2026-09-24 17:42:25,534 - [ALARM][CAMERA] PERSON detected -> BUZZER ON for 2 seconds
2026-09-24 17:42:27,902 - [ALARM][CAMERA] 2-second alarm expired -> BUZZER OFF
2026-09-24 17:42:33,411 - [ALARM][CAMERA] 2-second alarm expired -> BUZZER OFF
2026-09-24 17:42:35,166 - [ALARM][CAMERA] PERSON detected -> BUZZER ON for 2 seconds
2026-09-24 17:42:37,397 - [ALARM][CAMERA] 2-second alarm expired -> BUZZER OFF
2026-09-24 17:42:40,907 - [ALARM][CAMERA] 2-second alarm expired -> BUZZER OFF
2026-09-24 17:42:43,395 - [ALARM][CAMERA] PERSON detected -> BUZZER ON for 2 seconds
2026-09-24 17:42:44,795 - [ALARM][CAMERA] PERSON detected -> BUZZER ON for 2 seconds
2026-09-24 17:42:47,895 - [ALARM][CAMERA] 2-second alarm expired -> BUZZER OFF
2026-09-24 17:42:57,906 - [ALARM][CAMERA] 2-second alarm expired -> BUZZER OFF
2026-09-24 17:43:01,902 - [ALARM][CAMERA] 2-second alarm expired -> BUZZER OFF
2026-09-24 17:43:06,396 - [ALARM][CAMERA] 2-second alarm expired -> BUZZER OFF
2026-09-24 17:43:16,448 - [ALARM][CAMERA] 2-second alarm expired -> BUZZER OFF
2026-09-24 17:43:22,534 - [ALARM][CAMERA] PERSON detected -> BUZZER ON for 2 seconds
2026-09-24 17:43:25,161 - [ALARM][CAMERA] PERSON detected -> BUZZER ON for 2 seconds
2026-09-24 17:43:27,108 - [ALARM][CAMERA] PERSON detected -> BUZZER ON for 2 seconds
2026-09-24 17:43:31,016 - [ALARM][CAMERA] PERSON detected -> BUZZER ON for 2 seconds
2026-09-24 17:43:31,959 - [ALARM][CAMERA] PERSON detected -> BUZZER ON for 2 seconds
2026-09-24 17:43:35,451 - [ALARM][CAMERA] 2-second alarm expired -> BUZZER OFF
2026-09-24 17:43:39,943 - [ALARM][CAMERA] 2-second alarm expired -> BUZZER OFF
2026-09-24 17:43:45,722 - [ALARM][CAMERA] PERSON detected -> BUZZER ON for 2 seconds
2026-09-24 17:43:47,958 - [ALARM][CAMERA] 2-second alarm expired -> BUZZER OFF
2026-09-24 17:43:48,177 - [ALARM][CAMERA] PERSON detected -> BUZZER ON for 2 seconds
2026-09-24 17:43:50,421 - [ALARM][CAMERA] PERSON detected -> BUZZER ON for 2 seconds
2026-09-24 17:43:50,422 - [ALARM][CAMERA] PERSON detected -> BUZZER ON for 2 seconds
2026-09-24 17:43:52,444 - [ALARM][CAMERA] 2-second alarm expired -> BUZZER OFF
2026-09-24 17:43:56,948 - [ALARM][CAMERA] 2-second alarm expired -> BUZZER OFF
2026-09-24 17:44:01,515 - [ALARM][CAMERA] PERSON detected -> BUZZER ON for 2 seconds
2026-09-24 17:44:03,959 - [ALARM][CAMERA] 2-second alarm expired -> BUZZER OFF
2026-09-24 17:44:06,454 - [ALARM][CAMERA] 2-second alarm expired -> BUZZER OFF
2026-09-24 17:44:10,439 - [ALARM][CAMERA] 2-second alarm expired -> BUZZER OFF
2026-09-24 17:44:12,929 - [ALARM][CAMERA] PERSON detected -> BUZZER ON for 2 seconds
2026-09-24 17:44:14,944 - [ALARM][CAMERA] 2-second alarm expired -> BUZZER OFF
2026-09-24 17:44:17,470 - [ALARM][CAMERA] 2-second alarm expired -> BUZZER OFF
2026-09-24 17:44:21,021 - [ALARM][CAMERA] PERSON detected -> BUZZER ON for 2 seconds
2026-09-24 17:44:21,022 - [ALARM][CAMERA] PERSON detected -> BUZZER ON for 2 seconds
2026-09-24 17:44:22,007 - [ALARM][CAMERA] PERSON detected -> BUZZER ON for 2 seconds
2026-09-24 17:44:24,485 - [ALARM][CAMERA] 2-second alarm expired -> BUZZER OFF
2026-09-24 17:44:26,692 - [ALARM][CAMERA] PERSON detected -> BUZZER ON for 2 seconds
2026-09-24 17:44:28,992 - [ALARM][CAMERA] 2-second alarm expired -> BUZZER OFF
2026-09-24 17:44:29,321 - [ALARM][CAMERA] PERSON detected -> BUZZER ON for 2 seconds
2026-09-24 17:44:32,684 - [ALARM][CAMERA] PERSON detected -> BUZZER ON for 2 seconds
2026-09-24 17:44:33,450 - [ALARM][CAMERA] PERSON detected -> BUZZER ON for 2 seconds
2026-09-24 17:44:37,635 - [ALARM][CAMERA] PERSON detected -> BUZZER ON for 2 seconds
2026-09-24 17:44:39,977 - [ALARM][CAMERA] 2-second alarm expired -> BUZZER OFF
2026-09-24 17:44:43,477 - [ALARM][CAMERA] 2-second alarm expired -> BUZZER OFF
2026-09-24 17:44:44,661 - [ALARM][CAMERA] PERSON detected -> BUZZER ON for 2 seconds
2026-09-24 17:44:47,477 - [ALARM][CAMERA] 2-second alarm expired -> BUZZER OFF
2026-09-24 17:44:49,109 - [ALARM][CAMERA] PERSON detected -> BUZZER ON for 2 seconds
2026-09-24 17:44:49,967 - [ALARM][CAMERA] PERSON detected -> BUZZER ON for 2 seconds
2026-09-24 17:44:52,315 - [ALARM][CAMERA] PERSON detected -> BUZZER ON for 2 seconds
2026-09-24 17:44:54,486 - [ALARM][CAMERA] 2-second alarm expired -> BUZZER OFF
2026-09-24 17:44:58,983 - [ALARM][CAMERA] 2-second alarm expired -> BUZZER OFF
2026-09-24 17:45:02,996 - [ALARM][CAMERA] 2-second alarm expired -> BUZZER OFF
2026-09-24 17:45:07,486 - [ALARM][CAMERA] 2-second alarm expired -> BUZZER OFF
2026-09-24 17:45:08,357 - [ALARM][CAMERA] PERSON detected -> BUZZER ON for 2 seconds
2026-09-24 17:45:11,451 - [ALARM][CAMERA] PERSON detected -> BUZZER ON for 2 seconds
2026-09-24 17:45:13,484 - [ALARM][CAMERA] 2-second alarm expired -> BUZZER OFF
2026-09-24 17:45:13,577 - [ALARM][CAMERA] PERSON detected -> BUZZER ON for 2 seconds
2026-09-24 17:45:15,596 - [ALARM][CAMERA] PERSON detected -> BUZZER ON for 2 seconds
2026-09-24 17:45:18,027 - [ALARM][CAMERA] 2-second alarm expired -> BUZZER OFF
2026-09-24 17:45:22,561 - [ALARM][CAMERA] 2-second alarm expired -> BUZZER OFF
2026-09-24 17:45:27,566 - [ALARM][CAMERA] 2-second alarm expired -> BUZZER OFF
2026-09-24 17:45:30,971 - [ALARM][CAMERA] PERSON detected -> BUZZER ON for 2 seconds
2026-09-24 17:45:33,583 - [ALARM][CAMERA] 2-second alarm expired -> BUZZER OFF
2026-09-24 17:45:38,569 - [ALARM][CAMERA] 2-second alarm expired -> BUZZER OFF
2026-09-24 17:45:43,581 - [ALARM][CAMERA] 2-second alarm expired -> BUZZER OFF
2026-09-24 17:45:48,079 - [ALARM][CAMERA] 2-second alarm expired -> BUZZER OFF
2026-09-24 17:45:52,082 - [ALARM][CAMERA] 2-second alarm expired -> BUZZER OFF
2026-09-24 17:45:53,285 - [ALARM][CAMERA] PERSON detected -> BUZZER ON for 2 seconds
2026-09-24 17:45:55,576 - [ALARM][CAMERA] 2-second alarm expired -> BUZZER OFF
2026-09-24 17:46:00,071 - [ALARM][CAMERA] 2-second alarm expired -> BUZZER OFF
2026-09-24 17:46:02,509 - [ALARM][CAMERA] PERSON detected -> BUZZER ON for 2 seconds
2026-09-24 17:46:04,598 - [ALARM][CAMERA] 2-second alarm expired -> BUZZER OFF
2026-09-24 17:46:10,863 - [ALARM][CAMERA] PERSON detected -> BUZZER ON for 2 seconds
2026-09-24 17:46:13,105 - [ALARM][CAMERA] 2-second alarm expired -> BUZZER OFF
2026-09-24 17:46:16,617 - [ALARM][CAMERA] 2-second alarm expired -> BUZZER OFF
2026-09-24 17:46:23,183 - [ALARM][CAMERA] UNKNOWN VEHICLE detected -> BUZZER ON for 2 seconds
2026-09-24 17:46:23,921 - [ALARM][CAMERA] UNKNOWN VEHICLE detected -> BUZZER ON for 2 seconds
2026-09-24 17:46:26,603 - [ALARM][CAMERA] 2-second alarm expired -> BUZZER OFF
2026-09-24 17:46:34,099 - [ALARM][CAMERA] 2-second alarm expired -> BUZZER OFF
2026-09-24 17:46:36,868 - [ALARM][CAMERA] NORMAL VEHICLE detected -> BUZZER ON for 2 seconds
2026-09-24 17:46:39,097 - [ALARM][CAMERA] 2-second alarm expired -> BUZZER OFF
2026-09-24 17:46:40,290 - [ALARM][CAMERA] UNKNOWN VEHICLE detected -> BUZZER ON for 2 seconds
2026-09-24 17:46:42,608 - [ALARM][CAMERA] 2-second alarm expired -> BUZZER OFF
2026-09-24 17:46:47,482 - [ALARM][CAMERA] PERSON detected -> BUZZER ON for 2 seconds
2026-09-24 17:46:49,661 - [ALARM][CAMERA] 2-second alarm expired -> BUZZER OFF
2026-09-24 17:46:52,189 - [ALARM][CAMERA] 2-second alarm expired -> BUZZER OFF
2026-09-24 17:48:00,051 - [ALARM][CAMERA] UNKNOWN VEHICLE detected -> BUZZER ON for 2 seconds
2026-09-24 17:48:01,992 - [ALARM][CAMERA] UNKNOWN VEHICLE detected -> BUZZER ON for 2 seconds
2026-09-24 17:48:04,221 - [ALARM][CAMERA] 2-second alarm expired -> BUZZER OFF
2026-09-24 17:48:13,994 - [ALARM][CAMERA] PERSON detected -> BUZZER ON for 2 seconds
2026-09-24 17:48:15,334 - [ALARM][CAMERA] PERSON detected -> BUZZER ON for 2 seconds
2026-09-24 17:48:15,334 - [ALARM][CAMERA] PERSON detected -> BUZZER ON for 2 seconds
2026-09-24 17:48:16,263 - [ALARM][CAMERA] PERSON detected -> BUZZER ON for 2 seconds
2026-09-24 17:48:18,689 - [ALARM][CAMERA] 2-second alarm expired -> BUZZER OFF
2026-09-24 17:48:20,656 - [ALARM][CAMERA] PERSON detected -> BUZZER ON for 2 seconds
2026-09-24 17:48:22,426 - [ALARM][CAMERA] PERSON detected -> BUZZER ON for 2 seconds
2026-09-24 17:48:25,208 - [ALARM][CAMERA] 2-second alarm expired -> BUZZER OFF
2026-09-24 17:48:25,664 - [ALARM][CAMERA] PERSON detected -> BUZZER ON for 2 seconds
2026-09-24 17:48:27,713 - [ALARM][CAMERA] 2-second alarm expired -> BUZZER OFF
2026-09-24 17:48:33,240 - [ALARM][CAMERA] 2-second alarm expired -> BUZZER OFF
2026-09-24 17:48:33,920 - [ALARM][CAMERA] PERSON detected -> BUZZER ON for 2 seconds
2026-09-24 17:48:39,783 - [ALARM][CAMERA] 2-second alarm expired -> BUZZER OFF
2026-09-24 17:48:44,768 - [ALARM][CAMERA] 2-second alarm expired -> BUZZER OFF
2026-09-24 17:48:47,279 - [ALARM][CAMERA] PERSON detected -> BUZZER ON for 2 seconds
2026-09-24 17:48:49,784 - [ALARM][CAMERA] 2-second alarm expired -> BUZZER OFF
2026-09-24 17:48:53,782 - [ALARM][CAMERA] 2-second alarm expired -> BUZZER OFF
2026-09-24 17:48:58,279 - [ALARM][CAMERA] 2-second alarm expired -> BUZZER OFF
2026-09-24 17:48:58,884 - [ALARM][CAMERA] PERSON detected -> BUZZER ON for 2 seconds
2026-09-24 17:49:02,547 - [ALARM][CAMERA] PERSON detected -> BUZZER ON for 2 seconds
2026-09-24 17:49:04,776 - [ALARM][CAMERA] 2-second alarm expired -> BUZZER OFF
2026-09-24 17:49:05,195 - [ALARM][CAMERA] PERSON detected -> BUZZER ON for 2 seconds
2026-09-24 17:49:06,642 - [ALARM][CAMERA] PERSON detected -> BUZZER ON for 2 seconds
2026-09-24 17:49:08,772 - [ALARM][CAMERA] 2-second alarm expired -> BUZZER OFF
2026-09-24 17:49:14,272 - [ALARM][CAMERA] 2-second alarm expired -> BUZZER OFF
2026-09-24 17:49:20,271 - [ALARM][CAMERA] 2-second alarm expired -> BUZZER OFF
2026-09-24 17:49:24,768 - [ALARM][CAMERA] 2-second alarm expired -> BUZZER OFF
2026-09-24 17:49:29,790 - [ALARM][CAMERA] 2-second alarm expired -> BUZZER OFF
2026-09-24 17:49:31,340 - [ALARM][CAMERA] PERSON detected -> BUZZER ON for 2 seconds
2026-09-24 17:49:33,780 - [ALARM][CAMERA] 2-second alarm expired -> BUZZER OFF
2026-09-24 17:49:38,275 - [ALARM][CAMERA] 2-second alarm expired -> BUZZER OFF
2026-09-24 17:49:42,777 - [ALARM][CAMERA] 2-second alarm expired -> BUZZER OFF
2026-09-24 17:49:48,789 - [ALARM][CAMERA] 2-second alarm expired -> BUZZER OFF
2026-09-24 17:49:50,092 - [ALARM][CAMERA] PERSON detected -> BUZZER ON for 2 seconds
2026-09-24 17:49:52,774 - [ALARM][CAMERA] 2-second alarm expired -> BUZZER OFF
2026-09-24 17:49:58,278 - [ALARM][CAMERA] 2-second alarm expired -> BUZZER OFF
2026-09-24 17:50:04,269 - [ALARM][CAMERA] 2-second alarm expired -> BUZZER OFF
2026-09-24 17:50:09,268 - [ALARM][CAMERA] 2-second alarm expired -> BUZZER OFF
2026-09-24 17:50:13,782 - [ALARM][CAMERA] 2-second alarm expired -> BUZZER OFF
2026-09-24 17:50:19,623 - [ALARM][CAMERA] PERSON detected -> BUZZER ON for 2 seconds
2026-09-24 17:50:21,779 - [ALARM][CAMERA] 2-second alarm expired -> BUZZER OFF
2026-09-24 17:50:23,111 - [ALARM][CAMERA] UNKNOWN VEHICLE detected -> BUZZER ON for 2 seconds
2026-09-24 17:50:25,271 - [ALARM][CAMERA] 2-second alarm expired -> BUZZER OFF
2026-09-24 17:50:33,276 - [ALARM][CAMERA] 2-second alarm expired -> BUZZER OFF
2026-09-24 17:50:43,769 - [ALARM][CAMERA] 2-second alarm expired -> BUZZER OFF
2026-09-24 17:50:54,786 - [ALARM][CAMERA] 2-second alarm expired -> BUZZER OFF
2026-09-24 17:51:04,086 - [ALARM][CAMERA] PERSON detected -> BUZZER ON for 2 seconds
2026-09-24 17:51:08,435 - [ALARM][CAMERA] 2-second alarm expired -> BUZZER OFF
2026-09-24 17:51:12,354 - [ALARM][CAMERA] PERSON detected -> BUZZER ON for 2 seconds
2026-09-24 17:51:12,355 - [ALARM][CAMERA] PERSON detected -> BUZZER ON for 2 seconds
2026-09-24 17:51:14,555 - [ALARM][CAMERA] PERSON detected -> BUZZER ON for 2 seconds
2026-09-24 17:51:14,555 - [ALARM][CAMERA] PERSON detected -> BUZZER ON for 2 seconds
2026-09-24 17:51:16,788 - [ALARM][CAMERA] 2-second alarm expired -> BUZZER OFF
2026-09-24 17:51:18,958 - [ALARM][CAMERA] PERSON detected -> BUZZER ON for 2 seconds
2026-09-24 17:51:22,810 - [ALARM][CAMERA] PERSON detected -> BUZZER ON for 2 seconds
2026-09-24 17:51:29,337 - [ALARM][CAMERA] 2-second alarm expired -> BUZZER OFF
2026-09-24 17:51:33,842 - [ALARM][CAMERA] 2-second alarm expired -> BUZZER OFF
2026-09-24 17:51:37,824 - [ALARM][CAMERA] 2-second alarm expired -> BUZZER OFF
2026-09-24 17:51:41,815 - [ALARM][CAMERA] 2-second alarm expired -> BUZZER OFF
2026-09-24 17:51:48,840 - [ALARM][CAMERA] 2-second alarm expired -> BUZZER OFF
2026-09-24 17:51:50,638 - [ALARM][CAMERA] PERSON detected -> BUZZER ON for 2 seconds
2026-09-24 17:51:52,821 - [ALARM][CAMERA] 2-second alarm expired -> BUZZER OFF
2026-09-24 17:51:55,823 - [ALARM][CAMERA] 2-second alarm expired -> BUZZER OFF
2026-09-24 17:51:59,855 - [ALARM][CAMERA] 2-second alarm expired -> BUZZER OFF
2026-09-24 17:52:04,360 - [ALARM][CAMERA] 2-second alarm expired -> BUZZER OFF
2026-09-24 17:52:04,780 - [ALARM][CAMERA] PERSON detected -> BUZZER ON for 2 seconds
2026-09-24 17:52:07,050 - [ALARM][CAMERA] PERSON detected -> BUZZER ON for 2 seconds
2026-09-24 17:52:09,234 - [ALARM][CAMERA] PERSON detected -> BUZZER ON for 2 seconds
2026-09-24 17:52:12,753 - [ALARM][CAMERA] PERSON detected -> BUZZER ON for 2 seconds
2026-09-24 17:52:14,852 - [ALARM][CAMERA] 2-second alarm expired -> BUZZER OFF
2026-09-24 17:52:16,125 - [ALARM][CAMERA] PERSON detected -> BUZZER ON for 2 seconds
2026-09-24 17:52:19,847 - [ALARM][CAMERA] 2-second alarm expired -> BUZZER OFF
2026-09-24 17:52:25,855 - [ALARM][CAMERA] 2-second alarm expired -> BUZZER OFF
2026-09-24 17:52:29,869 - [ALARM][CAMERA] 2-second alarm expired -> BUZZER OFF
2026-09-24 17:52:30,859 - [ALARM][CAMERA] PERSON detected -> BUZZER ON for 2 seconds
2026-09-24 17:52:34,191 - [ALARM][CAMERA] PERSON detected -> BUZZER ON for 2 seconds
2026-09-24 17:52:36,353 - [ALARM][CAMERA] 2-second alarm expired -> BUZZER OFF
2026-09-24 17:52:37,775 - [ALARM][CAMERA] PERSON detected -> BUZZER ON for 2 seconds
2026-09-24 17:52:41,356 - [ALARM][CAMERA] 2-second alarm expired -> BUZZER OFF
2026-09-24 17:52:45,719 - [ALARM][CAMERA] PERSON detected -> BUZZER ON for 2 seconds
2026-09-24 17:52:47,890 - [ALARM][CAMERA] 2-second alarm expired -> BUZZER OFF
2026-09-24 17:52:48,984 - [ALARM][CAMERA] PERSON detected -> BUZZER ON for 2 seconds
2026-09-24 17:52:51,398 - [ALARM][CAMERA] 2-second alarm expired -> BUZZER OFF
2026-09-24 17:52:52,268 - [ALARM][CAMERA] PERSON detected -> BUZZER ON for 2 seconds
2026-09-24 17:52:56,896 - [ALARM][CAMERA] 2-second alarm expired -> BUZZER OFF
2026-09-24 17:52:59,875 - [ALARM][CAMERA] PERSON detected -> BUZZER ON for 2 seconds
2026-09-24 17:52:59,876 - [ALARM][CAMERA] PERSON detected -> BUZZER ON for 2 seconds
2026-09-24 17:53:01,051 - [ALARM][CAMERA] PERSON detected -> BUZZER ON for 2 seconds
2026-09-24 17:53:01,878 - [ALARM][CAMERA] PERSON detected -> BUZZER ON for 2 seconds
2026-09-24 17:53:03,893 - [ALARM][CAMERA] 2-second alarm expired -> BUZZER OFF
2026-09-24 17:53:09,295 - [ALARM][CAMERA] PERSON detected -> BUZZER ON for 2 seconds
2026-09-24 17:53:11,396 - [ALARM][CAMERA] 2-second alarm expired -> BUZZER OFF
2026-09-24 17:53:13,903 - [ALARM][CAMERA] 2-second alarm expired -> BUZZER OFF
2026-09-24 17:53:16,053 - [ALARM][CAMERA] PERSON detected -> BUZZER ON for 2 seconds
2026-09-24 17:53:17,166 - [ALARM][CAMERA] PERSON detected -> BUZZER ON for 2 seconds
2026-09-24 17:53:19,401 - [ALARM][CAMERA] 2-second alarm expired -> BUZZER OFF
2026-09-24 17:53:19,728 - [ALARM][CAMERA] PERSON detected -> BUZZER ON for 2 seconds
2026-09-24 17:53:24,409 - [ALARM][CAMERA] 2-second alarm expired -> BUZZER OFF
2026-09-24 17:53:28,463 - [ALARM][CAMERA] PERSON detected -> BUZZER ON for 2 seconds
2026-09-24 17:53:32,955 - [ALARM][CAMERA] 2-second alarm expired -> BUZZER OFF
2026-09-24 17:53:37,480 - [ALARM][CAMERA] 2-second alarm expired -> BUZZER OFF
2026-09-24 17:53:43,070 - [ALARM][CAMERA] 2-second alarm expired -> BUZZER OFF
2026-09-24 17:53:47,068 - [ALARM][CAMERA] 2-second alarm expired -> BUZZER OFF
2026-09-24 17:53:53,135 - [ALARM][CAMERA] 2-second alarm expired -> BUZZER OFF
2026-09-24 17:54:00,199 - [ALARM][CAMERA] 2-second alarm expired -> BUZZER OFF
2026-09-24 17:54:04,695 - [ALARM][CAMERA] 2-second alarm expired -> BUZZER OFF
2026-09-24 17:54:08,702 - [ALARM][CAMERA] 2-second alarm expired -> BUZZER OFF
2026-09-24 17:54:13,694 - [ALARM][CAMERA] 2-second alarm expired -> BUZZER OFF
2026-09-24 17:54:18,727 - [ALARM][CAMERA] 2-second alarm expired -> BUZZER OFF
2026-09-24 17:54:23,238 - [ALARM][CAMERA] 2-second alarm expired -> BUZZER OFF
2026-09-24 17:54:25,761 - [ALARM][CAMERA] PERSON detected -> BUZZER ON for 2 seconds
2026-09-24 17:54:27,770 - [ALARM][CAMERA] 2-second alarm expired -> BUZZER OFF
2026-09-24 17:54:32,843 - [ALARM][CAMERA] 2-second alarm expired -> BUZZER OFF
2026-09-24 17:54:37,972 - [ALARM][CAMERA] 2-second alarm expired -> BUZZER OFF
2026-09-24 17:54:43,637 - [ALARM][CAMERA] 2-second alarm expired -> BUZZER OFF
2026-09-24 17:54:51,276 - [ALARM][CAMERA] 2-second alarm expired -> BUZZER OFF
2026-09-24 17:54:56,848 - [ALARM][CAMERA] 2-second alarm expired -> BUZZER OFF
2026-09-24 17:55:00,811 - [ALARM][CAMERA] PERSON detected -> BUZZER ON for 2 seconds
2026-09-24 17:55:03,245 - [ALARM][CAMERA] 2-second alarm expired -> BUZZER OFF
2026-09-24 17:55:06,329 - [ALARM][CAMERA] PERSON detected -> BUZZER ON for 2 seconds
2026-09-24 17:55:08,464 - [ALARM][CAMERA] 2-second alarm expired -> BUZZER OFF
2026-09-24 17:55:15,109 - [ALARM][CAMERA] 2-second alarm expired -> BUZZER OFF
2026-09-24 17:55:22,193 - [ALARM][CAMERA] 2-second alarm expired -> BUZZER OFF
2026-09-24 17:55:29,692 - [ALARM][CAMERA] 2-second alarm expired -> BUZZER OFF
2026-09-24 17:55:34,195 - [ALARM][CAMERA] 2-second alarm expired -> BUZZER OFF
2026-09-24 17:55:36,468 - [ALARM][CAMERA] PERSON detected -> BUZZER ON for 2 seconds
2026-09-24 17:55:39,207 - [ALARM][CAMERA] 2-second alarm expired -> BUZZER OFF
2026-09-24 17:55:44,757 - [ALARM][CAMERA] PERSON detected -> BUZZER ON for 2 seconds
2026-09-24 17:55:48,778 - [ALARM][CAMERA] 2-second alarm expired -> BUZZER OFF
2026-09-24 17:55:53,270 - [ALARM][CAMERA] 2-second alarm expired -> BUZZER OFF
2026-09-24 17:55:57,774 - [ALARM][CAMERA] 2-second alarm expired -> BUZZER OFF
2026-09-24 17:56:04,326 - [ALARM][CAMERA] 2-second alarm expired -> BUZZER OFF
2026-09-24 17:56:08,865 - [ALARM][CAMERA] 2-second alarm expired -> BUZZER OFF
2026-09-24 17:56:09,458 - [ALARM][CAMERA] PERSON detected -> BUZZER ON for 2 seconds
2026-09-24 17:56:11,124 - [ALARM][CAMERA] UNKNOWN VEHICLE detected -> BUZZER ON for 2 seconds
2026-09-24 17:56:13,441 - [ALARM][CAMERA] 2-second alarm expired -> BUZZER OFF
2026-09-24 17:56:17,008 - [ALARM][CAMERA] 2-second alarm expired -> BUZZER OFF
2026-09-24 17:56:24,647 - [ALARM][CAMERA] 2-second alarm expired -> BUZZER OFF
2026-09-24 17:56:32,150 - [ALARM][CAMERA] 2-second alarm expired -> BUZZER OFF
2026-09-24 17:56:43,158 - [ALARM][CAMERA] 2-second alarm expired -> BUZZER OFF
2026-09-24 17:56:54,787 - [ALARM][CAMERA] 2-second alarm expired -> BUZZER OFF
2026-09-24 17:56:59,561 - [ALARM][CAMERA] UNKNOWN VEHICLE detected -> BUZZER ON for 2 seconds
2026-09-24 17:57:01,909 - [ALARM][CAMERA] 2-second alarm expired -> BUZZER OFF
2026-09-24 17:57:04,447 - [ALARM][CAMERA] 2-second alarm expired -> BUZZER OFF
2026-09-24 17:57:12,791 - [ALARM][CAMERA] PERSON detected -> BUZZER ON for 2 seconds
2026-09-24 17:57:14,866 - [ALARM][CAMERA] 2-second alarm expired -> BUZZER OFF
2026-09-24 17:57:18,409 - [ALARM][CAMERA] 2-second alarm expired -> BUZZER OFF
2026-09-24 17:57:20,363 - [ALARM][CAMERA] PERSON detected -> BUZZER ON for 2 seconds
2026-09-24 17:57:22,454 - [ALARM][CAMERA] 2-second alarm expired -> BUZZER OFF
2026-09-24 17:57:26,503 - [ALARM][CAMERA] 2-second alarm expired -> BUZZER OFF
2026-09-24 17:57:31,600 - [ALARM][CAMERA] 2-second alarm expired -> BUZZER OFF
2026-09-24 17:57:38,193 - [ALARM][CAMERA] 2-second alarm expired -> BUZZER OFF
2026-09-24 17:57:38,627 - [ALARM][CAMERA] PERSON detected -> BUZZER ON for 2 seconds
2026-09-24 17:57:40,878 - [ALARM][CAMERA] 2-second alarm expired -> BUZZER OFF
2026-09-24 17:57:41,731 - [ALARM][CAMERA] PERSON detected -> BUZZER ON for 2 seconds
2026-09-24 17:57:43,895 - [ALARM][CAMERA] PERSON detected -> BUZZER ON for 2 seconds
